id,event_id,division,distance_m,rank,bib,skater_name,best_time_text,best_time_seconds,page_number,affiliation,club_id,skater_id
,128,NEST Women,1500,1,106,Isabella Chen,2:33.540,153.54,,,,89
,128,NEST Women,1500,2,124,Sofia Koons,2:35.270,155.27,,,,9
,128,NEST Women,1500,3,110,Makayla Chou,2:37.120,157.12,,,,109
,128,NEST Women,1500,4,115,Kassandra Haeupl,2:37.950,157.95,,,,1113
,128,NEST Women,1500,5,102,Diana Bickmore,2:38.090,158.09,,,,90
,128,NEST Women,1500,6,141,Tiffany Zhang,2:38.250,158.25,,,,207
,128,NEST Women,1500,7,130,Sasha Mensah,2:38.400,158.4,,,,23
,128,NEST Women,1500,8,137,Therese Sowa,2:40.460,160.46,,,,226
,128,NEST Women,1500,9,113,Sarah Girach,2:46.510,166.51,,,,34
,128,NEST Women,1500,10,131,Tatyana Pometun,2:46.910,166.91,,,,60
,128,NEST Women,1500,11,111,Sara Cushman,2:54.290,174.29,,,,37
,128,NEST Women,1500,12,101,Nagi Aitbayeva,2:54.590,174.59,,,,314
,128,NEST Women,500,1,106,Isabella Chen,0:46.410,46.41,,,,89
,128,NEST Women,500,2,110,Makayla Chou,0:46.730,46.73,,,,109
,128,NEST Women,500,3,124,Sofia Koons,0:48.730,48.73,,,,9
,128,NEST Women,500,4,141,Tiffany Zhang,0:48.980,48.98,,,,207
,128,NEST Women,500,5,130,Sasha Mensah,0:49.690,49.69,,,,23
,128,NEST Women,500,6,115,Kassandra Haeupl,0:51.620,51.62,,,,1113
,128,NEST Women,500,7,137,Therese Sowa,0:51.960,51.96,,,,226
,128,NEST Women,500,8,131,Tatyana Pometun,0:52.410,52.41,,,,60
,128,NEST Women,500,9,102,Diana Bickmore,0:52.980,52.98,,,,90
,128,NEST Women,500,10,113,Sarah Girach,0:55.190,55.19,,,,34
,128,NEST Women,500,11,101,Nagi Aitbayeva,0:56.010,56.01,,,,314
,128,NEST Women,500,12,111,Sara Cushman,0:57.870,57.87,,,,37
,128,NEST Women,1000,1,106,Isabella Chen,1:42.850,102.85,,,,89
,128,NEST Women,1000,2,124,Sofia Koons,1:44.230,104.23,,,,9
,128,NEST Women,1000,3,110,Makayla Chou,1:45.730,105.73,,,,109
,128,NEST Women,1000,4,115,Kassandra Haeupl,1:48.160,108.16,,,,1113
,128,NEST Women,1000,5,131,Tatyana Pometun,1:48.730,108.73,,,,60
,128,NEST Women,1000,6,102,Diana Bickmore,1:50.340,110.34,,,,90
,128,NEST Women,1000,7,130,Sasha Mensah,1:50.520,110.52,,,,23
,128,NEST Women,1000,8,113,Sarah Girach,1:53.380,113.38,,,,34
,128,NEST Women,1000,9,101,Nagi Aitbayeva,1:54.580,114.58,,,,314
,128,NEST Women,1000,10,111,Sara Cushman,1:55.640,115.64,,,,37
,128,NEST Women,1000,11,137,Therese Sowa,2:01.260,121.26,,,,226
,128,NEST Women,1000,12,141,Tiffany Zhang,2:12.560,132.56,,,,207
,128,NEST Men,1500,1,182,Ethan Lin,2:37.190,157.19,,,,69
,128,NEST Men,1500,2,213,Robert Tolliver,2:37.520,157.52,,,,36
,128,NEST Men,1500,3,200,Gabriel Rillotta,2:39.090,159.09,,,,33
,128,NEST Men,1500,4,209,Frederick Sowa,2:39.620,159.62,,,,160
,128,NEST Men,1500,5,223,Lucas Wu,2:40.210,160.21,,,,58
,128,NEST Men,1500,6,145,Xavier Babkine-Osterrath,2:40.580,160.58,,,,121
,128,NEST Men,1500,7,205,Lucas Shi,2:40.790,160.79,,,,379
,128,NEST Men,1500,8,170,Ryan Huang,2:40.960,160.96,,,,39
,128,NEST Men,1500,9,174,Gihoon Kuh,2:41.370,161.37,,,,480
,128,NEST Men,1500,10,215,Tim VanFleet,2:44.930,164.93,,,,156
,128,NEST Men,1500,11,210,Henry Sowa,2:47.370,167.37,,,,170
,128,NEST Men,500,1,223,Lucas Wu,0:47.550,47.55,,,,58
,128,NEST Men,500,2,145,Xavier Babkine-Osterrath,0:47.940,47.94,,,,121
,128,NEST Men,500,3,213,Robert Tolliver,0:48.120,48.12,,,,36
,128,NEST Men,500,4,174,Gihoon Kuh,0:48.670,48.67,,,,480
,128,NEST Men,500,5,182,Ethan Lin,0:48.830,48.83,,,,69
,128,NEST Men,500,6,205,Lucas Shi,0:49.270,49.27,,,,379
,128,NEST Men,500,7,200,Gabriel Rillotta,0:49.650,49.65,,,,33
,128,NEST Men,500,8,209,Frederick Sowa,0:49.650,49.65,,,,160
,128,NEST Men,500,9,170,Ryan Huang,0:49.850,49.85,,,,39
,128,NEST Men,500,10,215,Tim VanFleet,0:50.330,50.33,,,,156
,128,NEST Men,500,11,210,Henry Sowa,0:51.250,51.25,,,,170
,128,NEST Men,1000,1,223,Lucas Wu,1:43.140,103.14,,,,58
,128,NEST Men,1000,2,205,Lucas Shi,1:43.420,103.42,,,,379
,128,NEST Men,1000,3,174,Gihoon Kuh,1:43.420,103.42,,,,480
,128,NEST Men,1000,4,213,Robert Tolliver,1:43.640,103.64,,,,36
,128,NEST Men,1000,5,200,Gabriel Rillotta,1:43.670,103.67,,,,33
,128,NEST Men,1000,6,145,Xavier Babkine-Osterrath,1:43.850,103.85,,,,121
,128,NEST Men,1000,7,170,Ryan Huang,1:43.850,103.85,,,,39
,128,NEST Men,1000,8,209,Frederick Sowa,1:43.990,103.99,,,,160
,128,NEST Men,1000,9,182,Ethan Lin,1:44.640,104.64,,,,69
,128,NEST Men,1000,10,215,Tim VanFleet,1:45.990,105.99,,,,156
,128,NEST Men,1000,11,210,Henry Sowa,1:46.570,106.57,,,,170
,128,Group 1,1000,1,220,Keith Wobeser,1:44.540,104.54,,,,67
,128,Group 1,1000,2,121,Ji Jung,1:46.770,106.77,,,,1666
,128,Group 1,1000,3,150,Daniel Butler,1:47.770,107.77,,,,49
,128,Group 1,1000,4,168,Jesse Hoffman,1:50.870,110.87,,,,274
,128,Group 1,1000,5,199,Brian Redding,1:57.700,117.7,,,,275
,128,Group 1,1000,6,171,Vlad Khodik,2:08.390,128.39,,,,366
,128,Group 1,1000,7,188,Shawn Michalek,2:09.210,129.21,,,,342
,128,Group 1,1000,8,122,Lyra Katzman,2:10.160,130.16,,,,271
,128,Group 1,1000,9,158,Chase Ferry,2:12.370,132.37,,,,1651
,128,Group 1,1000,10,147,Martin Bednar,2:36.950,156.95,,,,148
,128,Group 1,1000,11,167,Uri Hoch,3:18.870,198.87,,,,506
,128,Group 1,500,1,220,Keith Wobeser,0:52.980,52.98,,,,67
,128,Group 1,500,2,168,Jesse Hoffman,0:55.130,55.13,,,,274
,128,Group 1,500,3,121,Ji Jung,0:55.380,55.38,,,,1666
,128,Group 1,500,4,150,Daniel Butler,0:56.130,56.13,,,,49
,128,Group 1,500,5,199,Brian Redding,1:02.200,62.2,,,,275
,128,Group 1,500,6,171,Vlad Khodik,1:05.190,65.19,,,,366
,128,Group 1,500,7,122,Lyra Katzman,1:05.410,65.41,,,,271
,128,Group 1,500,8,158,Chase Ferry,1:05.790,65.79,,,,1651
,128,Group 1,500,9,188,Shawn Michalek,1:06.290,66.29,,,,342
,128,Group 1,500,10,147,Martin Bednar,1:20.580,80.58,,,,148
,128,Group 1,500,11,167,Uri Hoch,1:30.790,90.79,,,,506
,128,Group 1,777,1,220,Keith Wobeser,1:25.250,85.25,,,,67
,128,Group 1,777,2,168,Jesse Hoffman,1:26.350,86.35,,,,274
,128,Group 1,777,3,121,Ji Jung,1:26.780,86.78,,,,1666
,128,Group 1,777,4,150,Daniel Butler,1:27.070,87.07,,,,49
,128,Group 1,777,5,158,Chase Ferry,1:40.750,100.75,,,,1651
,128,Group 1,777,6,188,Shawn Michalek,1:41.030,101.03,,,,342
,128,Group 1,777,7,199,Brian Redding,1:42.390,102.39,,,,275
,128,Group 1,777,8,122,Lyra Katzman,1:42.390,102.39,,,,271
,128,Group 1,777,9,171,Vlad Khodik,2:04.170,124.17,,,,366
,128,Group 1,777,10,147,Martin Bednar,2:06.140,126.14,,,,148
,128,Group 2,1000,1,211,Ian Sulkoske,1:48.290,108.29,,,,242
,128,Group 2,1000,2,175,Ayden Lee,1:49.440,109.44,,,,117
,128,Group 2,1000,3,226,Evan Zhang,1:49.640,109.64,,,,95
,128,Group 2,1000,4,197,Loki Ranta,1:49.950,109.95,,,,103
,128,Group 2,1000,5,161,Narendran Gopinath,1:50.870,110.87,,,,84
,128,Group 2,1000,6,178,Lucas Li,1:52.510,112.51,,,,387
,128,Group 2,1000,7,146,Ilchan Bae,1:53.400,113.4,,,,164
,128,Group 2,1000,8,192,Hayden Peck,1:53.510,113.51,,,,1475
,128,Group 2,1000,9,165,Jacoby Hartshorn,1:55.250,115.25,,,,305
,128,Group 2,1000,10,128,Jei Lim,1:57.890,117.89,,,,492
,128,Group 2,1000,11,186,Eliyahu Louz,1:59.020,119.02,,,,623
,128,Group 2,1000,12,216,Bryan Wang,2:08.930,128.93,,,,53
,128,Group 2,500,1,211,Ian Sulkoske,0:50.610,50.61,,,,242
,128,Group 2,500,2,197,Loki Ranta,0:52.290,52.29,,,,103
,128,Group 2,500,3,175,Ayden Lee,0:52.620,52.62,,,,117
,128,Group 2,500,4,146,Ilchan Bae,0:52.910,52.91,,,,164
,128,Group 2,500,5,161,Narendran Gopinath,0:53.610,53.61,,,,84
,128,Group 2,500,6,186,Eliyahu Louz,0:53.910,53.91,,,,623
,128,Group 2,500,7,226,Evan Zhang,0:54.370,54.37,,,,95
,128,Group 2,500,8,178,Lucas Li,0:54.480,54.48,,,,387
,128,Group 2,500,9,192,Hayden Peck,0:54.540,54.54,,,,1475
,128,Group 2,500,10,128,Jei Lim,0:54.900,54.9,,,,492
,128,Group 2,500,11,165,Jacoby Hartshorn,0:55.230,55.23,,,,305
,128,Group 2,777,1,211,Ian Sulkoske,1:20.130,80.13,,,,242
,128,Group 2,777,2,197,Loki Ranta,1:21.280,81.28,,,,103
,128,Group 2,777,3,161,Narendran Gopinath,1:23.880,83.88,,,,84
,128,Group 2,777,4,175,Ayden Lee,1:24.630,84.63,,,,117
,128,Group 2,777,5,226,Evan Zhang,1:24.980,84.98,,,,95
,128,Group 2,777,6,178,Lucas Li,1:25.450,85.45,,,,387
,128,Group 2,777,7,192,Hayden Peck,1:25.760,85.76,,,,1475
,128,Group 2,777,8,186,Eliyahu Louz,1:27.480,87.48,,,,623
,128,Group 2,777,9,165,Jacoby Hartshorn,1:28.480,88.48,,,,305
,128,Group 2,777,10,146,Ilchan Bae,1:32.030,92.03,,,,164
,128,Group 2,777,11,128,Jei Lim,1:34.130,94.13,,,,492
,128,Group 3,1000,1,157,Russel Einsla,1:54.990,114.99,,,,613
,128,Group 3,1000,2,156,Zachary Double,1:55.290,115.29,,,,214
,128,Group 3,1000,3,123,Madeline Koons,1:56.360,116.36,,,,200
,128,Group 3,1000,4,222,Gabriel Wochtl,1:57.540,117.54,,,,495
,128,Group 3,1000,5,135,Kathryn Sautter,1:58.740,118.74,,,,806
,128,Group 3,1000,6,173,Evan Krieg,1:59.710,119.71,,,,785
,128,Group 3,1000,7,138,Priyanka Srinivasula,2:01.540,121.54,,,,79
,128,Group 3,1000,8,204,Christian Shelton-White,2:01.790,121.79,,,,51
,128,Group 3,1000,9,152,Nicholas Clark,2:05.500,125.5,,,,203
,128,Group 3,1000,10,214,Adrian Tylwalk,2:06.780,126.78,,,,237
,128,Group 3,1000,11,218,Jabari Watts,2:08.340,128.34,,,,93
,128,Group 3,1000,12,153,Dexter Colice,2:09.110,129.11,,,,351
,128,Group 3,500,1,156,Zachary Double,0:54.660,54.66,,,,214
,128,Group 3,500,2,157,Russel Einsla,0:54.820,54.82,,,,613
,128,Group 3,500,3,173,Evan Krieg,0:55.440,55.44,,,,785
,128,Group 3,500,4,135,Kathryn Sautter,0:56.110,56.11,,,,806
,128,Group 3,500,5,222,Gabriel Wochtl,0:56.360,56.36,,,,495
,128,Group 3,500,6,204,Christian Shelton-White,0:57.070,57.07,,,,51
,128,Group 3,500,7,123,Madeline Koons,0:57.360,57.36,,,,200
,128,Group 3,500,8,152,Nicholas Clark,0:57.540,57.54,,,,203
,128,Group 3,500,9,138,Priyanka Srinivasula,0:57.600,57.6,,,,79
,128,Group 3,500,10,218,Jabari Watts,0:59.350,59.35,,,,93
,128,Group 3,500,11,214,Adrian Tylwalk,1:01.910,61.91,,,,237
,128,Group 3,500,12,153,Dexter Colice,1:02.310,62.31,,,,351
,128,Group 3,777,1,156,Zachary Double,1:27.420,87.42,,,,214
,128,Group 3,777,2,173,Evan Krieg,1:27.670,87.67,,,,785
,128,Group 3,777,3,157,Russel Einsla,1:27.920,87.92,,,,613
,128,Group 3,777,4,135,Kathryn Sautter,1:28.100,88.1,,,,806
,128,Group 3,777,5,204,Christian Shelton-White,1:30.040,90.04,,,,51
,128,Group 3,777,6,123,Madeline Koons,1:30.170,90.17,,,,200
,128,Group 3,777,7,138,Priyanka Srinivasula,1:32.710,92.71,,,,79
,128,Group 3,777,8,152,Nicholas Clark,1:34.920,94.92,,,,203
,128,Group 3,777,9,222,Gabriel Wochtl,1:38.390,98.39,,,,495
,128,Group 3,777,10,214,Adrian Tylwalk,1:38.750,98.75,,,,237
,128,Group 3,777,11,218,Jabari Watts,1:39.540,99.54,,,,93
,128,Group 3,777,12,153,Dexter Colice,1:39.760,99.76,,,,351
,128,Group 4,777,1,120,Hannah Huang,1:27.260,87.26,,,,124
,128,Group 4,777,2,108,Elliana Cho,1:27.480,87.48,,,,140
,128,Group 4,777,3,227,Aiden Zhang,1:27.650,87.65,,,,3890
,128,Group 4,777,4,114,Lindsay Lin,1:28.300,88.3,,,,199
,128,Group 4,777,5,183,Marcus Liu,1:28.800,88.8,,,,131
,128,Group 4,777,6,194,Hendrik Plate-Tong,1:28.830,88.83,,,,144
,128,Group 4,777,7,206,Noah Shi,1:29.050,89.05,,,,1492
,128,Group 4,777,8,179,Marcus Li,1:29.690,89.69,,,,894
,128,Group 4,777,9,196,Harvey Qu,1:31.830,91.83,,,,162
,128,Group 4,777,10,207,Landon Smith,1:32.730,92.73,,,,190
,128,Group 4,777,11,224,Kobe Yee,1:33.830,93.83,,,,101
,128,Group 4,333,1,227,Aiden Zhang,0:36.600,36.6,,,,3890
,128,Group 4,333,2,108,Elliana Cho,0:36.850,36.85,,,,140
,128,Group 4,333,3,114,Lindsay Lin,0:37.150,37.15,,,,199
,128,Group 4,333,4,194,Hendrik Plate-Tong,0:37.530,37.53,,,,144
,128,Group 4,333,5,196,Harvey Qu,0:37.540,37.54,,,,162
,128,Group 4,333,6,120,Hannah Huang,0:37.650,37.65,,,,124
,128,Group 4,333,7,179,Marcus Li,0:37.760,37.76,,,,894
,128,Group 4,333,8,206,Noah Shi,0:37.800,37.8,,,,1492
,128,Group 4,333,9,224,Kobe Yee,0:37.940,37.94,,,,101
,128,Group 4,333,10,183,Marcus Liu,0:38.800,38.8,,,,131
,128,Group 4,333,11,207,Landon Smith,0:39.450,39.45,,,,190
,128,Group 4,500,1,114,Lindsay Lin,0:54.730,54.73,,,,199
,128,Group 4,500,2,108,Elliana Cho,0:55.010,55.01,,,,140
,128,Group 4,500,3,227,Aiden Zhang,0:55.230,55.23,,,,3890
,128,Group 4,500,4,194,Hendrik Plate-Tong,0:55.620,55.62,,,,144
,128,Group 4,500,5,206,Noah Shi,0:55.690,55.69,,,,1492
,128,Group 4,500,6,179,Marcus Li,0:55.940,55.94,,,,894
,128,Group 4,500,7,183,Marcus Liu,0:56.120,56.12,,,,131
,128,Group 4,500,8,120,Hannah Huang,0:56.160,56.16,,,,124
,128,Group 4,500,9,196,Harvey Qu,0:57.010,57.01,,,,162
,128,Group 4,500,10,224,Kobe Yee,0:57.270,57.27,,,,101
,128,Group 4,500,11,207,Landon Smith,0:59.440,59.44,,,,190
,128,Group 5,777,1,164,Clark Hartemink,1:33.360,93.36,,,,182
,128,Group 5,777,2,212,Sean Sun,1:35.830,95.83,,,,115
,128,Group 5,777,3,100,Saruar Aitbayeva,1:36.290,96.29,,,,739
,128,Group 5,777,4,185,Avery Lorenz,1:38.400,98.4,,,,375
,128,Group 5,777,5,225,James Yin,1:38.610,98.61,,,,276
,128,Group 5,777,6,151,Derick Chang,1:38.780,98.78,,,,460
,128,Group 5,777,7,103,Elizabeth Bourquin,1:40.750,100.75,,,,176
,128,Group 5,777,8,169,Maren Hoffman,1:46.170,106.17,,,,374
,128,Group 5,777,9,193,Henry Peck,1:46.420,106.42,,,,370
,128,Group 5,777,10,118,Emily Hogan,1:48.150,108.15,,,,964
,128,Group 5,777,11,112,Gabrielle Garnier,1:56.550,116.55,,,,1663
,128,Group 5,777,12,116,Lucy Hoffman,2:00.640,120.64,,,,424
,128,Group 5,333,1,164,Clark Hartemink,0:39.520,39.52,,,,182
,128,Group 5,333,2,151,Derick Chang,0:40.670,40.67,,,,460
,128,Group 5,333,3,100,Saruar Aitbayeva,0:40.920,40.92,,,,739
,128,Group 5,333,4,212,Sean Sun,0:41.260,41.26,,,,115
,128,Group 5,333,5,225,James Yin,0:41.460,41.46,,,,276
,128,Group 5,333,6,185,Avery Lorenz,0:42.450,42.45,,,,375
,128,Group 5,333,7,193,Henry Peck,0:43.070,43.07,,,,370
,128,Group 5,333,8,118,Emily Hogan,0:43.300,43.3,,,,964
,128,Group 5,333,9,103,Elizabeth Bourquin,0:43.610,43.61,,,,176
,128,Group 5,333,10,169,Maren Hoffman,0:44.940,44.94,,,,374
,128,Group 5,333,11,112,Gabrielle Garnier,0:47.110,47.11,,,,1663
,128,Group 5,333,12,116,Lucy Hoffman,0:48.540,48.54,,,,424
,128,Group 5,500,1,164,Clark Hartemink,0:59.710,59.71,,,,182
,128,Group 5,500,2,100,Saruar Aitbayeva,1:01.640,61.64,,,,739
,128,Group 5,500,3,212,Sean Sun,1:01.760,61.76,,,,115
,128,Group 5,500,4,185,Avery Lorenz,1:01.900,61.9,,,,375
,128,Group 5,500,5,151,Derick Chang,1:02.100,62.1,,,,460
,128,Group 5,500,6,225,James Yin,1:03.630,63.63,,,,276
,128,Group 5,500,7,118,Emily Hogan,1:06.950,66.95,,,,964
,128,Group 5,500,8,169,Maren Hoffman,1:07.240,67.24,,,,374
,128,Group 5,500,9,116,Lucy Hoffman,1:14.060,74.06,,,,424
,128,Group 5,500,10,112,Gabrielle Garnier,1:14.510,74.51,,,,1663
,128,Group 5,500,11,103,Elizabeth Bourquin,1:15.810,75.81,,,,176
,128,Group 5,500,12,193,Henry Peck,1:21.810,81.81,,,,370
,128,Group 6,333,1,217,Elias Wang,0:41.110,41.11,,,,186
,128,Group 6,333,2,125,Yoonji Kuh,0:41.130,41.13,,,,625
,128,Group 6,333,3,176,Samuel Lee,0:42.380,42.38,,,,293
,128,Group 6,333,4,191,Kipling Mullaney,0:44.630,44.63,,,,598
,128,Group 6,333,5,181,Jayden Lin,0:45.960,45.96,,,,180
,128,Group 6,333,6,195,Maxwell Pompei,0:45.960,45.96,,,,229
,128,Group 6,333,7,208,Peter Sowa,0:46.280,46.28,,,,270
,128,Group 6,333,8,154,Sebastian Delnore,0:47.280,47.28,,,,324
,128,Group 6,333,9,229,Eric Zhao,0:48.700,48.7,,,,467
,128,Group 6,333,10,119,Lois Houck,0:50.130,50.13,,,,253
,128,Group 6,333,11,221,Benjamin Wobeser,0:50.460,50.46,,,,137
,128,Group 6,222,1,217,Elias Wang,0:27.440,27.44,,,,186
,128,Group 6,222,2,125,Yoonji Kuh,0:28.010,28.01,,,,625
,128,Group 6,222,3,176,Samuel Lee,0:29.670,29.67,,,,293
,128,Group 6,222,4,195,Maxwell Pompei,0:30.820,30.82,,,,229
,128,Group 6,222,5,208,Peter Sowa,0:30.850,30.85,,,,270
,128,Group 6,222,6,191,Kipling Mullaney,0:30.940,30.94,,,,598
,128,Group 6,222,7,229,Eric Zhao,0:31.140,31.14,,,,467
,128,Group 6,222,8,181,Jayden Lin,0:31.190,31.19,,,,180
,128,Group 6,222,9,154,Sebastian Delnore,0:31.640,31.64,,,,324
,128,Group 6,222,10,119,Lois Houck,0:32.960,32.96,,,,253
,128,Group 6,222,11,221,Benjamin Wobeser,0:33.540,33.54,,,,137
,128,Group 6,500,1,217,Elias Wang,1:00.120,60.12,,,,186
,128,Group 6,500,2,125,Yoonji Kuh,1:02.300,62.3,,,,625
,128,Group 6,500,3,208,Peter Sowa,1:05.940,65.94,,,,270
,128,Group 6,500,4,191,Kipling Mullaney,1:06.550,66.55,,,,598
,128,Group 6,500,5,229,Eric Zhao,1:08.660,68.66,,,,467
,128,Group 6,500,6,181,Jayden Lin,1:09.790,69.79,,,,180
,128,Group 6,500,7,154,Sebastian Delnore,1:10.190,70.19,,,,324
,128,Group 6,500,8,195,Maxwell Pompei,1:10.480,70.48,,,,229
,128,Group 6,500,9,221,Benjamin Wobeser,1:14.010,74.01,,,,137
,128,Group 6,500,10,119,Lois Houck,1:14.250,74.25,,,,253
,128,Group 6,500,11,176,Samuel Lee,1:21.830,81.83,,,,293
,128,Group 7,333,1,148,William Bi,0:41.600,41.6,,,,417
,128,Group 7,333,2,190,Max Mountainbear,0:41.890,41.89,,,,41
,128,Group 7,333,3,184,Ethan Liu,0:42.100,42.1,,,,13
,128,Group 7,333,4,203,Samuel Sheen,0:42.530,42.53,,,,233
,128,Group 7,333,5,228,Liam Zhang,0:43.920,43.92,,,,1557
,128,Group 7,333,6,155,Hunter Dong,0:45.000,45.0,,,,531
,128,Group 7,333,7,172,Jack Koons,0:48.040,48.04,,,,94
,128,Group 7,333,8,219,Samuel Winter,0:48.290,48.29,,,,1219
,128,Group 7,333,9,134,Tobi Ranta,0:48.690,48.69,,,,328
,128,Group 7,333,10,202,Henry Seagraves,0:50.480,50.48,,,,1395
,128,Group 7,333,11,129,Johanna Gleicher,0:57.790,57.79,,,,317
,128,Group 7,333,12,187,Finn McCloud,1:06.960,66.96,,,,334
,128,Group 7,222,1,148,William Bi,0:28.070,28.07,,,,417
,128,Group 7,222,2,184,Ethan Liu,0:28.530,28.53,,,,13
,128,Group 7,222,3,203,Samuel Sheen,0:28.780,28.78,,,,233
,128,Group 7,222,4,190,Max Mountainbear,0:29.190,29.19,,,,41
,128,Group 7,222,5,155,Hunter Dong,0:29.780,29.78,,,,531
,128,Group 7,222,6,228,Liam Zhang,0:30.640,30.64,,,,1557
,128,Group 7,222,7,219,Samuel Winter,0:32.940,32.94,,,,1219
,128,Group 7,222,8,172,Jack Koons,0:33.220,33.22,,,,94
,128,Group 7,222,9,134,Tobi Ranta,0:33.760,33.76,,,,328
,128,Group 7,222,10,202,Henry Seagraves,0:34.510,34.51,,,,1395
,128,Group 7,222,11,129,Johanna Gleicher,0:37.050,37.05,,,,317
,128,Group 7,222,12,187,Finn McCloud,0:45.190,45.19,,,,334
,128,Group 7,500,1,148,William Bi,1:02.690,62.69,,,,417
,128,Group 7,500,2,184,Ethan Liu,1:02.940,62.94,,,,13
,128,Group 7,500,3,190,Max Mountainbear,1:03.090,63.09,,,,41
,128,Group 7,500,4,203,Samuel Sheen,1:03.770,63.77,,,,233
,128,Group 7,500,5,228,Liam Zhang,1:09.630,69.63,,,,1557
,128,Group 7,500,6,219,Samuel Winter,1:12.350,72.35,,,,1219
,128,Group 7,500,7,172,Jack Koons,1:13.700,73.7,,,,94
,128,Group 7,500,8,155,Hunter Dong,1:16.160,76.16,,,,531
,128,Group 7,500,9,134,Tobi Ranta,1:16.560,76.56,,,,328
,128,Group 7,500,10,202,Henry Seagraves,1:21.790,81.79,,,,1395
,128,Group 7,500,11,129,Johanna Gleicher,1:41.420,101.42,,,,317
,128,Group 7,500,12,187,Finn McCloud,1:42.010,102.01,,,,334
,128,Novice A,222,1,132,Harshini Ramachandran,0:28.400,28.4,,,,980
,128,Novice A,222,2,126,Clara Lee,0:28.450,28.45,,,,86
,128,Novice A,222,3,142,James Abramovich,0:29.400,29.4,,,,592
,128,Novice A,222,4,143,Ian Andrews,0:29.910,29.91,,,,254
,128,Novice A,222,5,133,Dharshini Ramachandran,0:30.190,30.19,,,,602
,128,Novice A,222,6,230,Isaac Zheng,0:30.230,30.23,,,,249
,128,Novice A,222,7,189,Zoly Milstein,0:30.870,30.87,,,,1439
,128,Novice A,222,8,107,Sarah Chen,0:32.910,32.91,,,,197
,128,Novice A,222,9,149,Jaxon Brogan,0:33.150,33.15,,,,335
,128,Novice A,222,10,139,Charlotte Streefkerk,0:43.730,43.73,,,,1050
,128,Novice A,111,1,132,Harshini Ramachandran,0:14.860,14.86,,,,980
,128,Novice A,111,2,143,Ian Andrews,0:15.250,15.25,,,,254
,128,Novice A,111,3,142,James Abramovich,0:15.900,15.9,,,,592
,128,Novice A,111,4,126,Clara Lee,0:16.040,16.04,,,,86
,128,Novice A,111,5,133,Dharshini Ramachandran,0:16.110,16.11,,,,602
,128,Novice A,111,6,189,Zoly Milstein,0:16.400,16.4,,,,1439
,128,Novice A,111,7,230,Isaac Zheng,0:16.640,16.64,,,,249
,128,Novice A,111,8,149,Jaxon Brogan,0:17.760,17.76,,,,335
,128,Novice A,111,9,107,Sarah Chen,0:18.260,18.26,,,,197
,128,Novice A,111,10,139,Charlotte Streefkerk,0:21.350,21.35,,,,1050
,128,Novice A,333,1,132,Harshini Ramachandran,0:40.370,40.37,,,,980
,128,Novice A,333,2,143,Ian Andrews,0:42.440,42.44,,,,254
,128,Novice A,333,3,126,Clara Lee,0:42.790,42.79,,,,86
,128,Novice A,333,4,133,Dharshini Ramachandran,0:43.650,43.65,,,,602
,128,Novice A,333,5,230,Isaac Zheng,0:44.610,44.61,,,,249
,128,Novice A,333,6,107,Sarah Chen,0:48.640,48.64,,,,197
,128,Novice A,333,7,149,Jaxon Brogan,0:49.180,49.18,,,,335
,128,Novice A,333,8,189,Zoly Milstein,0:52.040,52.04,,,,1439
,128,Novice A,333,9,142,James Abramovich,0:53.760,53.76,,,,592
,128,Novice A,333,10,139,Charlotte Streefkerk,1:08.860,68.86,,,,1050
,128,Novice B,222,1,162,Charles Han,0:32.120,32.12,,,,1549
,128,Novice B,222,2,117,Zoey Hoffman,0:32.660,32.66,,,,1664
,128,Novice B,222,3,163,Alan Han,0:32.940,32.94,,,,1548
,128,Novice B,222,4,177,Ethan Lee,0:33.270,33.27,,,,219
,128,Novice B,222,5,159,Sam Firer,0:33.990,33.99,,,,1675
,128,Novice B,222,6,201,Luca Sakhnovskiy,0:34.290,34.29,,,,283
,128,Novice B,222,7,105,Penelope Cattell,0:35.920,35.92,,,,474
,128,Novice B,222,8,104,Ada Cao,0:36.420,36.42,,,,331
,128,Novice B,222,9,166,Eason He,0:38.160,38.16,,,,410
,128,Novice B,222,10,140,Rosaline Wang,0:43.310,43.31,,,,1674
,128,Novice B,222,11,127,Chuyi Liao,0:43.740,43.74,,,,1673
,128,Novice B,111,1,163,Alan Han,0:16.510,16.51,,,,1548
,128,Novice B,111,2,159,Sam Firer,0:16.940,16.94,,,,1675
,128,Novice B,111,3,177,Ethan Lee,0:17.350,17.35,,,,219
,128,Novice B,111,4,117,Zoey Hoffman,0:17.360,17.36,,,,1664
,128,Novice B,111,5,162,Charles Han,0:17.480,17.48,,,,1549
,128,Novice B,111,6,201,Luca Sakhnovskiy,0:18.250,18.25,,,,283
,128,Novice B,111,7,104,Ada Cao,0:18.910,18.91,,,,331
,128,Novice B,111,8,105,Penelope Cattell,0:19.120,19.12,,,,474
,128,Novice B,111,9,166,Eason He,0:20.190,20.19,,,,410
,128,Novice B,111,10,127,Chuyi Liao,0:22.620,22.62,,,,1673
,128,Novice B,111,11,140,Rosaline Wang,0:23.440,23.44,,,,1674
,128,Novice B,333,1,163,Alan Han,0:47.130,47.13,,,,1548
,128,Novice B,333,2,177,Ethan Lee,0:48.430,48.43,,,,219
,128,Novice B,333,3,162,Charles Han,0:48.570,48.57,,,,1549
,128,Novice B,333,4,159,Sam Firer,0:49.030,49.03,,,,1675
,128,Novice B,333,5,117,Zoey Hoffman,0:49.290,49.29,,,,1664
,128,Novice B,333,6,104,Ada Cao,0:53.540,53.54,,,,331
,128,Novice B,333,7,105,Penelope Cattell,0:54.590,54.59,,,,474
,128,Novice B,333,8,166,Eason He,0:55.940,55.94,,,,410
,128,Novice B,333,9,201,Luca Sakhnovskiy,1:01.260,61.26,,,,283
,128,Novice B,333,10,127,Chuyi Liao,1:13.190,73.19,,,,1673
,128,Novice B,333,11,140,Rosaline Wang,1:18.230,78.23,,,,1674
