club_id,full_name,primary_abbreviation,city,state_province,country,type,usa_skater_count
1,Alaska Speedskating Club,ASSC,Anchorage,AK,United States,club,19
2,Alkmaar Speed Skating,Alkmaar,Alkmaar,,Netherlands,club,0
3,Arizona Inline Skating Association,AZIS,,AZ,United States,club,1
4,Bay State Speedskating,BSS,Walpole / Wellesley,MA,United States,club,88
5,Beijing Xingruibingxue Club,BXSC,Beijing,,China,club,0
6,Buffalo Speedskating Club,BSC,Buffalo,NY,United States,club,27
7,Burnaby Speed Skating Club,BUR,Burnaby,BC,Canada,club,0
8,CPV Montreal-Gadbois,CPVMG,Montreal,QC,Canada,club,0
9,Central Wisconsin Speed Skating Club,CWSSC,,WI,United States,club,3
10,Champaign Regional Speedskating,CRS,Champaign,IL,United States,club,36
11,Changbaishan Speed Skating,Changbaishan,Changbaishan,Jilin,China,club,0
12,Cleveland Heights Speedskating Club,CHS,Cleveland Heights,OH,United States,club,26
13,Colorado Gold Speedskating,CGS,,CO,United States,club,26
14,Columbus Speedskating Club,COLSC,Columbus,OH,United States,club,25
15,Connecticut Speedskating,CSSC,,CT,United States,club,34
16,Cornerstone Skating Club,CRSSC,De Pere,WI,United States,club,0
17,DASH Speedskating,DASH,,,United States,club,0
18,Danbury Speedskating,DSSC,Danbury,CT,United States,club,51
19,Dominion Speedskating Club,BSSC,,VA,United States,club,0
20,EVD Speed Skating Club,EVD,,,China,club,0
21,East Penn Speedskating,EPSSC,Lehigh Valley,PA,United States,club,31
22,Elmbrook Speedskating Club,ESSC,Brookfield,WI,United States,club,45
23,FAST Program,FASTP,,,United States,club,0
24,Flushing Meadows Speedskating Club,FMSC,Queens,NY,United States,club,32
25,Franklin Park Speedskating Club,FPSSC,Franklin Park,IL,United States,club,23
26,Full Throttle Speedskating,FTSST,,IN,United States,club,19
27,Garden State Speedskating,GSSC,South Brunswick,NJ,United States,club,68
28,Gateway Speedskating Club,GWSS,St. Louis,MO,United States,club,59
29,Glen Ellyn Speedskating,GESS,Glen Ellyn,IL,United States,club,35
30,Great Atlantic Speedskating Club,GASSC,Portland,ME,United States,club,7
31,Illini Speed Skating,ILLINI,Champaign / Urbana,IL,United States,club,0
32,Innsbruck Speed Skating,Innsbruck,Innsbruck,Tyrol,Austria,club,0
33,Jefferson City Speedskating,JCS,Jefferson City,MO,United States,club,2
34,L2 Speed Skating,L2SS,,,,club,0
35,Lake Placid Speed Skating Club,LPSSC,Lake Placid,NY,United States,club,0
36,Lakewood Speedskating,LWSSC,Lakewood,OH,United States,club,34
37,Langley Blades Speed Skating Club,ANG,Langley,BC,Canada,club,0
38,Learn to Speed Skate,LTSS,,,,club,0
39,London Speed Skating Club,LSSC,London,ON,Canada,club,0
40,Los Angeles Regional Speedskating Club,LARSC,Los Angeles,CA,United States,club,0
41,Madison Speed Skating Club,MSSC,Madison,WI,United States,club,0
42,Maple Ridge Speed Skating Club,MRSSC,Maple Ridge,BC,Canada,club,0
43,Markham Speed Skating Club,MARK,Markham,ON,Canada,club,0
44,Matsqui Blades Speed Skating Club,MTB,Abbotsford,BC,Canada,club,0
45,Meteor Speed Skating Club,METE,North York / Thornhill,ON,Canada,club,0
46,Michigan Speedskating,MICH,,MI,United States,club,0
47,Midway Speedskating Club,MSC,St. Paul / Roseville,MN,United States,club,47
48,Mile High Speedskating Club,MHSSC,Denver,CO,United States,club,1
49,Milton Speedskating Club,MILT,Milton,ON,Canada,club,0
50,Mountain View Speedskating,MTV,,BC,Canada,club,0
51,Nepean Speed Skating Club,NSSC,Ottawa / Nepean,ON,Canada,club,0
52,Newmarket Speed Skating Club,NMSSC,Newmarket,ON,Canada,club,0
53,Northbrook Speedskating Club,NBSSC,Northbrook,IL,United States,club,63
54,Northern California Speed Skating Association,NCSSA,,CA,United States,club,19
55,Oakville Speed Skating Club,OASC,Oakville,ON,Canada,club,0
56,Ottawa Speed Skating Club,OSSC,Ottawa,ON,Canada,club,0
57,Oval Speed Skating Club,OSC,Roseville,MN,United States,club,44
58,Park City Speed Skating,PCSC,Park City,UT,United States,club,11
59,Park Ridge Speedskating Club,PRSC,Park Ridge,IL,United States,club,31
60,Peninsula Speed Skating Club,PNV,Victoria / Sidney,BC,Canada,club,0
61,Pettit National Ice Center,PNIC,West Allis,WI,United States,club,10
62,Phoenix Speedskating Club,PHSSC,Phoenix,AZ,United States,club,10
63,Pinnacle Speedskating,PGS,Milwaukee / West Allis,WI,United States,club,0
64,Pittsburgh Speedskating Club,PITTSSC,Pittsburgh,PA,United States,club,0
65,Poco Lightning Speed Skating Club,POCO,Port Coquitlam,BC,Canada,club,0
66,Potomac Speedskating Club,PTSC,,MD,United States,club,114
67,Puget Sound Speedskating Club,PSSP,Tacoma / Seattle,WA,United States,club,52
68,Richmond Rockets Speed Skating,RRSC,Richmond,BC,Canada,club,0
69,Rochester Speed Skating Team,RSST,Rochester,NY,United States,club,9
70,Roseville Learn to Speed Skate,Roseville,Roseville,MN,United States,club,0
71,Santa Clarita Speed Skating,SCSSCA,Santa Clarita,CA,United States,club,0
72,Saratoga Winter Club,SWC,Saratoga Springs,NY,United States,club,37
73,Sardis Fliers Speed Skating Club,SRF,Chilliwack,BC,Canada,club,0
74,Southern California Speed Skating Club,SCSSC,,CA,United States,club,16
75,St. Lawrence Speedskating,STLSSC,Canton,NY,United States,club,0
76,Syracuse Speedskating,SYSC,Syracuse,NY,United States,club,39
77,Taconic Speedskating,TACO,,NY,United States,club,0
78,Timpanogos Speed Skating,TSSC,Provo / Orem,UT,United States,club,9
79,Twin Cities Speedskating,TCL,Minneapolis / St. Paul,MN,United States,club,2
80,United Capital Blades,UCB,,MD,United States,club,17
81,Upper Valley Speed Skating Club,UVSC,Lebanon,NH,United States,club,6
82,Vancouver Speed Skating Club,VNC,Vancouver,BC,Canada,club,0
83,West Michigan Speedskating,WMSSC,Grand Rapids,MI,United States,club,11
84,Whatcom Speed Skating Club,WOSC,Bellingham,WA,United States,club,26
85,Wisconsin Speed Skating Club,WSC,Milwaukee / West Allis,WI,United States,club,32
86,Wolverine Sports Club,WOLV,Detroit / Ann Arbor,MI,United States,club,0
87,Yukon Speed Skating Club,YSSC,Whitehorse,YT,Canada,club,0
88,Direct,DIRECT,,,,direct,107
89,Argentina,ARG,,,Argentina,country,0
90,Australia,AUS,,,Australia,country,2
91,Austria,AUT,,,Austria,country,0
92,Belgium,BEL,,,Belgium,country,0
93,Brazil,BRA,,,Brazil,country,1
94,Canada,CAN,,,Canada,country,0
95,Chile,CHI,,,Chile,country,0
96,China,CHN,,,China,country,0
97,Chinese Taipei,TPE,,,Chinese Taipei,country,1
98,Colombia,COL,,,Colombia,country,1
99,Czech Republic,CZE,,,Czech Republic,country,0
100,Denmark,DEN,,,Denmark,country,0
101,Ecuador,ECU,,,Ecuador,country,0
102,Estonia,EST,,,Estonia,country,0
103,Finland,FIN,,,Finland,country,0
104,Germany,GER,,,Germany,country,1
105,Great Britain,GBR,,,Great Britain,country,1
106,Greece,GRE,,,Greece,country,0
107,Hong Kong,HKG,,,Hong Kong,country,0
108,Hungary,HUN,,,Hungary,country,0
109,India,IND,,,India,country,0
110,Indonesia,INA,,,Indonesia,country,0
111,Italy,ITA,,,Italy,country,0
112,Japan,JPN,,,Japan,country,2
113,Kazakhstan,KAZ,,,Kazakhstan,country,0
114,Netherlands,NED,,,Netherlands,country,0
115,New Zealand,NZL,,,New Zealand,country,0
116,Norway,NOR,,,Norway,country,0
117,Philippines,PHI,,,Philippines,country,0
118,Poland,POL,,,Poland,country,0
119,Romania,ROU,,,Romania,country,0
120,Singapore,SGP,,,Singapore,country,0
121,Slovakia,SVK,,,Slovakia,country,0
122,South Korea,KOR,,,South Korea,country,2
123,Spain,ESP,,,Spain,country,0
124,Sweden,SWE,,,Sweden,country,0
125,Switzerland,SUI,,,Switzerland,country,1
126,United States,USA,,,United States,country,46
127,Uzbekistan,UZB,,,Uzbekistan,country,0
