id,season,event_name,event_group,event_date,series
171,2018-2019,2019 Amcup 3 Short Track,AmCup / World Cup,,National
172,2018-2019,2019 Age Group Nationals Short Track,Age Group Nationals,,National
173,2018-2019,2019 Cheese Cup & Heartland #5,Cheese Cup,,Heartland
174,2018-2019,2019 US Marathon & World Open Marathon,US Marathon,,National
175,2018-2019,2019 Santa Clarita Sprints,Santa Clarita Sprints,,West Coast
176,2018-2019,2019 MASA ST Championships & NEST #6,MASA Championships,,NEST
177,2018-2019,2019 Land of Lincoln & Heartland #6,Land of Lincoln,,Heartland
178,2018-2019,2019 Ohio State Championships,Ohio State Meet,,Heartland
179,2018-2019,2019 St. Louis Silver Skates,Chicago Silver Skates,10/27/2018,Midwest
180,2018-2019,2019 California State Championships,California Championships,,West Coast
181,2018-2019,2019 Presidential Cup & NEXT #5,Presidential Cup,,NEST
182,2018-2019,2019 NorthBurke ST Open,Northbrook Open,,Midwest
183,2018-2019,2019 Empire State Games Short Track,Empire State Games,,Heartland
184,2018-2019,2019 Southern California Championships,California Championships,,West Coast
185,2018-2019,2019 Northern California Championships,California Championships,,West Coast
186,2018-2019,50th Gateway Championships,Gateway Championships,,Midwest
187,2018-2019,2019 International Children's Winter Games,International Children Winter Games,,International
188,2018-2019,2019 Gold Cup,WSA Gold Cup,,Midwest
189,2018-2019,2019 Winter Challenge Short Track,Winter Challenge,,Midwest
190,2018-2019,2019 US Championships Short Track & AmCup 2,US Championships,,National
191,2018-2019,2019 January Thaw & NEST #3,January Thaw,,NEST
192,2018-2019,Central Wisconsin Open,Central Wisconsin Open,,Midwest
193,2018-2019,2019 US Junior Championships Short Track,US Junior Championships,,National
194,2018-2019,2018 Santa Claus Championships,Santa Claus Championships,,West Coast
195,2018-2019,2018 Jeff Golz Memorial  Ohio Invitational & Heartland #3,Ohio Invitational,,Heartland
196,2018-2019,2018 Capital City Championships,Capital City Championships,,Midwest
197,2018-2019,I-94 Sprints,I-94 Sprints,,Midwest
198,2018-2019,2018 Bay State Championships & NEST #2,Bay State Championships,,NEST
199,2018-2019,2018 Franklin Park Barrel Buster,Franklin Park Barrel Buster,,Midwest
200,2018-2019,2018 Park Ridge Open,Park Ridge Open,,Midwest
201,2018-2019,2018 Thanksgiving Championships,Thanksgiving Championships,,Other
202,2018-2019,2018 Saratoga Cup & NEST #1,Saratoga Cup,,NEST
203,2018-2019,2018 Great Lakes Short Track,Great Lakes,,Heartland
204,2018-2019,2018 Buffalo Championships & Heartland #1,Buffalo Championships,,Heartland
205,2018-2019,2018 SoCal Memorial Championships,California Championships,,West Coast
206,2018-2019,2018 AmCup 1 ST & Fall WC Qualifier,AmCup / World Cup,,National
207,2018-2019,2018 Desert Classic Short Track,Desert Classic,,West Coast
146,2019-2020,2020 Middle Atlantic ST Championships & NEST #6,MASA Championships,,NEST
147,2019-2020,2020 St. Louis Silver Skates,St. Louis Silver Skates,,Midwest
148,2019-2020,2020 Ohio State Championships,Ohio State Meet,,Heartland
149,2019-2020,2020 Land of Lincoln & Heartland #5,Land of Lincoln,,Heartland
150,2019-2020,2020 Northbrook Open,Northbrook Open,,Midwest
151,2019-2020,2020 Presidential Cup & NEST #5,Presidential Cup,,NEST
152,2019-2020,2020 US ST AmCup 3,AmCup / World Cup,,National
153,2019-2020,2020 Western Regional Championships,Western Championships,,West Coast
154,2019-2020,I-94 Sprints,I-94 Sprints,,Midwest
155,2019-2020,2020 Empire State Games Short Track,Empire State Games,,Heartland
156,2019-2020,2020 January Thaw & NEST #3,January Thaw,,NEST
157,2019-2020,2020 Southern California Championships,California Championships,,West Coast
158,2019-2020,2020 US Short Track Championships & Junior Championships,US Junior Championships,,National
159,2019-2020,24th Capital City Championships,Capital City Championships,,Midwest
160,2019-2020,2019 Ohio Invitational & Heartland #3,Ohio Invitational,,Heartland
161,2019-2020,2019 Santa Clause Championships,Santa Claus Championships,,West Coast
162,2019-2020,2019 Bay State Championships Short Track,Bay State Championships,,NEST
163,2019-2020,2019 Great Lakes Short Track & Heartland #2,Great Lakes,,Heartland
164,2019-2020,2020 Saratoga Cup & NEST #1,Saratoga Cup,,NEST
165,2019-2020,2019 FranklinPark Barrel Buster,Franklin Park Barrel Buster,,Midwest
166,2019-2020,2019 Park Ridge Open,Park Ridge Open,,Midwest
167,2019-2020,2019 Buffalo Championships & Heartland #1,Buffalo Championships,,Heartland
168,2019-2020,102nd Chicago Silver Skate,Chicago Silver Skates,,Midwest
169,2019-2020,2020 AmCup 1 Short Track,AmCup / World Cup,,National
170,2019-2020,2019 Desert Classic Short Track,Desert Classic,,West Coast
141,2020-2021,2021 US NationalChallenge,AmCup / World Cup,,National
142,2020-2021,2021 US ST Championships & Junior Championships,US Junior Championships,,National
143,2020-2021,2021 Gateway Championships,Gateway Championships,,Midwest
144,2020-2021,2021 US ST World Team Selection,AmCup / World Cup,,National
145,2020-2021,2021 St. Louis Silver Skates,St. Louis Silver Skates,,Midwest
122,2021-2022,2022 US Age Group Nationals Short Track,Age Group Nationals,,National
123,2021-2022,2022 Michigan State Meet,Michigan State Meet,,Midwest
124,2021-2022,2022 Land of Lincoln & Heartland #5,Land of Lincoln,,Heartland
125,2021-2022,2022 MASA ST Championships,MASA Championships,,NEST
126,2021-2022,2022 St. Louis Silver Skates ST Championships,St. Louis Silver Skates,,Midwest
127,2021-2022,2022 NorthBurke Open,Northbrook Open,,Midwest
128,2021-2022,2022 US Junior Championships Short Track,US Junior Championships,,National
129,2021-2022,2022 Gateway Short Track Championships,Gateway Championships,,Midwest
130,2021-2022,2022 U.S. Olympic Team Trials Short Track,US Olympic Team Trials,,National
131,2021-2022,2022 Bay State Championships & NEST #2,Bay State Championships,,NEST
132,2021-2022,2022 Franklin Park Barrell Buster,Franklin Park Barrel Buster,,Midwest
133,2021-2022,2022 Park Ridge Open,Park Ridge Open,,Midwest
134,2021-2022,2022 Great Lakes Short Track,Great Lakes,,Heartland
135,2021-2022,2022 Saratoga Cup & NEST #1,Saratoga Cup,,NEST
136,2021-2022,103rd Chicago Silver Skates,Chicago Silver Skates,,Midwest
137,2021-2022,2022 Buffalo Short Track Championships,Buffalo Championships,,Heartland
138,2021-2022,2022 USS Fall World Cup Team Selection Short Track,AmCup / World Cup,,National
139,2021-2022,2022 Desert Classic Short Track,Desert Classic,,West Coast
140,2021-2022,2022 Toyota ST Invitational,Toyota ST Invitational,,Other
94,2022-2023,2023 Presidential Cup,Presidential Cup,,NEST
95,2022-2023,2023 Washington State Championships,Washington State Championships,,Northwest
96,2022-2023,2023 US Age Group Nationals Short Track,Age Group Nationals,,National
97,2022-2023,2023 Middle Atlantic Short Track Championships,MASA Championships,,NEST
98,2022-2023,2023 Land of Lincoln & Heartland #5,Land of Lincoln,,Heartland
99,2022-2023,98th St. Louis Silver Skates Short Track,St. Louis Silver Skates,,Midwest
100,2022-2023,2023 Ohio State Championships,Ohio State Meet,,Heartland
101,2022-2023,2023 Presidential Cup,Presidential Cup,,NEST
102,2022-2023,2023 NorthBurke Open,Northbrook Open,,Midwest
103,2022-2023,2023 Empire State Games Short Track,Empire State Games,,Heartland
104,2022-2023,2023 Michigan State Meet,Michigan State Meet,,Midwest
105,2022-2023,2023 Gateway Short Track Championships,Gateway Championships,,Midwest
106,2022-2023,2023 American Dream Short Track Championships & NEST #3,January Thaw,1/14/2023,NEST
107,2022-2023,2023 Pacific NW Short Track Open,Pacific NW Open,,Northwest
108,2022-2023,UOO Winter Challenge,Utah Olympic Oval Challenge,,West Coast
109,2022-2023,2023 US Championships & Junior Championships Short Track,US Junior Championships,,National
110,2022-2023,2023 Holiday Short Track Invitational,Holiday ST Invitational,,West Coast
111,2022-2023,2023 Bay State Championships & NEST #2,Bay State Championships,,NEST
112,2022-2023,2023 Ohio Invitational ST Meet,Ohio Invitational,,Heartland
113,2022-2023,2023 Park Ridge Open,Park Ridge Open,,Midwest
114,2022-2023,2023 Saratoga Cup & NEST #1,Saratoga Cup,,NEST
115,2022-2023,2023 Great Lakes Short Track & Brat Fry & Heartland #2,Great Lakes,,Heartland
116,2022-2023,104th Silver Skates Meet,Chicago Silver Skates,10/23/2022,Midwest
117,2022-2023,2023 Buffalo ST Championships & Heartland #1,Buffalo Championships,,Heartland
118,2022-2023,2023 USS Fall World Cup Qualifier Short Track,AmCup / World Cup,,National
119,2022-2023,2023 Desert Classic Short Track,Desert Classic,,West Coast
120,2022-2023,2023 Burpee Pinnacle Championships,Burpee Pinnacle,,Midwest
121,2022-2023,2022 Western States Championships,Western Championships,,West Coast
76,2023-2024,2024 -02-04 2024 Empire State Games Short Track,Empire State Games,,Heartland
83,2023-2024,2023-12-16/17 Adirondack Sprint Championships,Adirondack Championships,,Northeast
92,2023-2024,2023-2024 US Championships Short Track & Youth Olympic Winter Games Qualifier,US Championships,,National
93,2023-2024,2023-2024 Desert Classic Short Track,Desert Classic,,West Coast
91,2023-2024,Buffalo Championships,Buffalo Championships,10/14/2023,Heartland
90,2023-2024,105th Chicago Silver Skates,Chicago Silver Skates,10/22/2023,Midwest
88,2023-2024,Saratoga Cup & NEST #1,Saratoga Cup,11/4/2023,NEST
89,2023-2024,Great Lakes ST Championships & Heartland #2,Great Lakes,11/4/2023,Heartland
87,2023-2024,Park Ridge Open,Park Ridge Open,11/11/2023,Midwest
86,2023-2024,Franklin Park Barrel Buster,Franklin Park Barrel Buster,11/12/2023,Midwest
84,2023-2024,Bay State Championships,Bay State Championships,12/2/2023,NEST
85,2023-2024,27th Annual Capital City Championships,Capital City Championships,12/2/2023,Midwest
82,2023-2024,Robby Kaufman Short Track Challenge,Robby Kaufman Challenge,12/17/2023,Northeast
81,2023-2024,Rock'n'Roll Invitationaly & Heartland #4,Rock 'n' Roll Invitational,12/23/2023,Heartland
80,2023-2024,2024 US Junior Championships & Winter WCQ Short Track,US Junior Championships,1/8/2024,National
78,2023-2024,2024 January Thaw & NEST #3,January Thaw,1/14/2024,NEST
79,2023-2024,Pacific NorthWest Short Track Open,Pacific NW Open,1/14/2024,Northwest
77,2023-2024,WSA Gold Cup,WSA Gold Cup,1/21/2024,Midwest
75,2023-2024,2024 NorthBurke Short Track Open,Northbrook Open,2/17/2024,Midwest
74,2023-2024,2024 Presidential Cup,Presidential Cup,2/18/2024,NEST
73,2023-2024,99th Annual St. Louis Silver Skate,St. Louis Silver Skates,2/25/2024,Midwest
72,2023-2024,2024 MASA Short Track Championships & NEST #5,MASA Championships,3/2/2024,NEST
71,2023-2024,2024 Land of Lincoln,Land of Lincoln,3/3/2024,Heartland
70,2023-2024,2024 AmCup Final & Champions Challenge,AmCup / World Cup,3/10/2024,National
69,2023-2024,USS AGN Championships Short Track,Age Group Nationals,3/17/2024,National
68,2023-2024,2024 Washington State Championships,Washington State Championships,4/7/2024,Northwest
67,2024-2025,2024 Western Regional Championships,Western Championships,6/29/2024,West Coast
66,2024-2025,Desert Classic Short Track,Desert Classic,8/11/2024,West Coast
64,2024-2025,2024 Utah Olympic Oval Fall Challenge,Utah Olympic Oval Challenge,9/22/2024,West Coast
65,2024-2025,2025 US Championships Short Track,US Championships,9/22/2024,National
63,2024-2025,2024 Buffalo Championships & Heartland #1,Buffalo Championships,10/20/2024,Heartland
62,2024-2025,108th Annual Chicago Silver Skates,Chicago Silver Skates,10/26/2024,Midwest
61,2024-2025,2024 park ridge Open,Park Ridge Open,11/9/2024,Midwest
60,2024-2025,2024 Franklin Park Barrel Buster,Franklin Park Barrel Buster,11/10/2024,Midwest
59,2024-2025,2024 Saratoga Cup & NEST #1,Saratoga Cup,11/16/2024,NEST
58,2024-2025,2024 Great Lakes Short Track & Heartland #2,Great Lakes,11/24/2024,Heartland
57,2024-2025,2024 Turkey Trot,Turkey Trot,11/30/2024,Other
56,2024-2025,28th Annual Capital City Speedskating Championships,Capital City Championships,12/7/2024,Midwest
54,2024-2025,2024 Bay State Championships & NEST #2,Bay State Championships,12/8/2024,NEST
55,2024-2025,2024 Ohio Invitational & Heartland #3,Ohio Invitational,12/8/2024,Heartland
53,2024-2025,2024 Adirondack Sprint Championships,Adirondack Championships,12/15/2024,Northeast
52,2024-2025,2024 Robby Kaufman Short Track Challenge,Robby Kaufman Challenge,12/21/2024,Northeast
51,2024-2025,2024 Rock 'n' Roll Invitational,Rock 'n' Roll Invitational,12/29/2024,Heartland
49,2024-2025,2025 Oval Winter Challenge,Utah Olympic Oval Challenge,1/5/2025,West Coast
50,2024-2025,2025 USS Junior Short Track Championships & Winter WC Qualifier,US Junior Championships,1/5/2025,National
47,2024-2025,2025 USS Winter WCQ & USS Open Masters Championships,AmCup / World Cup,1/12/2025,National
48,2024-2025,2025 Gateway Championships,Gateway Championships,1/12/2025,Midwest
44,2024-2025,2025 January Thaw & NEST #3,January Thaw,1/19/2025,NEST
45,2024-2025,2025 Pacific Northwest Short Track Open,Pacific NW Open,1/19/2025,Northwest
46,2024-2025,2025 WSA Gold Cup,WSA Gold Cup,1/19/2025,Midwest
43,2024-2025,2025 Empires States Short Track Championship & Heartland,Empire State Games,2/3/2025,Heartland
41,2024-2025,2025 NorthBurke Short Track Open,Northbrook Open,2/15/2025,Midwest
42,2024-2025,2025 Presidential Cup & NEST #4,Presidential Cup,2/16/2025,NEST
40,2024-2025,2025 Ohio State Short Track Meet,Ohio State Meet,2/22/2025,Heartland
39,2024-2025,2025 MAST Championships & NEST #5,MASA Championships,3/1/2025,NEST
37,2024-2025,2025 Adirondack Single Distance Championships,Adirondack Championships,3/2/2025,Northeast
38,2024-2025,2025 Land of Lincoln,Land of Lincoln,3/2/2025,Heartland
33,2024-2025,2025 Michigan State Championships Short Track,Michigan State Meet,3/9/2025,Midwest
34,2024-2025,2025 Colombian Championships,Colombian Championships,3/9/2025,International
35,2024-2025,2025 AmCup Final & Champions Challenge,AmCup / World Cup,3/9/2025,National
36,2024-2025,2025 100th St. Louis Silver Skates,St. Louis Silver Skates,3/9/2025,Midwest
32,2024-2025,2025 Badger International & Heartland #7,Badger International,3/17/2025,Heartland
31,2024-2025,2025 USS Age Group Nationals Short Track & National Challenge Races,Age Group Nationals,3/30/2025,National
30,2024-2025,2025 Washington State ST Championships,Washington State Championships,4/6/2025,Northwest
  ,2025-2026,Western States Championships,Western Championships,6/28/2025,West Coast
29,2025-2026,InterScholastic Speed Skating Challenge,Interscholastic Challenge,7/3/2025,Other
27,2025-2026,2025 Desert Classic Short Track,Desert Classic,8/10/2025,West Coast
26,2025-2026,2026 US Short Track Championships & World Tour Qualifier,US Championships,9/12/2025,National
25,2025-2026,2025 UOO Fall Challenge,Utah Olympic Oval Challenge,9/14/2025,West Coast
24,2025-2026,2025 Full Throttle Sprint Cup,Sprint Cup,9/21/2025,Other
23,2025-2026,2025 Chicago Silver Skates,Chicago Silver Skates,10/25/2025,Midwest
22,2025-2026,2025 Buffalo ST Championships & Heartland #1,Buffalo Championships,10/26/2025,Heartland
21,2025-2026,2026 Beehive Burn,Beehive Burn,11/7/2025,West Coast
20,2025-2026,2025 Franklin Park Barrell Buster,Franklin Park Barrel Buster,11/8/2025,Midwest
19,2025-2026,2025 Saratoga Cup & NEST,Saratoga Cup,11/15/2025,NEST
18,2025-2026,2025 Great Lakes Championships Short Track,Great Lakes,11/16/2025,Heartland
17,2025-2026,29th Capital City Championships (2026),Capital City Championships,12/6/2025,Midwest
15,2025-2026,2025 Bay State Championships & NorthEast Racing Series #2,Bay State Championships,12/7/2025,NEST
16,2025-2026,2025 Ohio Invitational & Heartland #3,Ohio Invitational,12/7/2025,Heartland
14,2025-2026,2025 Badger International & Heartland #4,Badger International,12/14/2025,Heartland
12,2025-2026,2025 UOO Winter Challenge,Utah Olympic Oval Challenge,12/21/2025,West Coast
13,2025-2026,2026 US Junior Short Track Championships,US Junior Championships,12/21/2025,National
11,2025-2026,2025 Winter SPEEDtacular,Winter Challenge,12/27/2025,Midwest
10,2025-2026,2025 Robby Kaufman Short Track Challenge,Robby Kaufman Challenge,12/28/2025,Northeast
9,2025-2026,2026 Gateway Championships,Gateway Championships,1/11/2026,Midwest
8,2025-2026,2026 Park Ridge Open,Park Ridge Open,1/17/2026,Midwest
7,2025-2026,2026 January Thaw,January Thaw,1/19/2026,NEST
6,2025-2026,2026 WSA Gold Cup,WSA Gold Cup,2/1/2026,Midwest
5,2025-2026,2026 Empire State Short Track & Heartland,Empire State Games,2/8/2026,Heartland
3,2025-2026,2026 NorthBurke Open,Northbrook Open,2/14/2026,Midwest
4,2025-2026,2026 Presidential Cup,Presidential Cup,2/14/2026,NEST
2,2025-2026,2026 Ohio State Meet Open,Ohio State Meet,2/21/2026,Heartland
1,2025-2026,101 Annual St. Louis Silver Skate,St. Louis Silver Skates,2/22/2026,Midwest
211,2025-2026,2026 Southern California Limited Regional Championships,California Championships,3/7/2026,West Coast
212,2025-2026,2026 MASA Short Track Championships,MASA Championships,3/7/2026,NEST
209,2025-2026,2026 Land Of Lincoln & Heartland #6,Land of Lincoln,3/8/2026,Heartland
210,2025-2026,2026 US AmCup Final & US Open Masters & Colombian Championships,AmCup / World Cup,3/8/2026,National
208,2025-2026,2026 US Age Group Nationals Short Track,Age Group Nationals,3/22/2026,National
