Name,Member,gender
MURPHY Aidan,NBSSC,M
ABDELLA Elijah,BSC,M
ABDO Vincent,DIRECT,M
ABRAMOVICH James,FMSC,M
ABRAMS Clayton,BSS,M
ACEVES  Fabian,NBSSC,M
ACEVES Fabian,PRSC,M
AFFHOLTER Michael,WSC,M
AGALOOS Jegudiel,WOSC,M
ALAVI Giovanni,PTSC,M
ALDER Daryl,GSSC,M
ALLISON Robert,SCSSC,M
ANCELET Jack,WSC,M
ANDREWS Ian,PTSC,M
ANGLIN Richard,DSSC,M
AQUINO Jon Ricardo,GESS,M
ARMITAGE Toby,DSSC,M
ASCARI Luca,PSC,M
ATKINSON Richard,DIRECT,M
AU James,SCSSC,M
AULET Alexander,CSSC,M
AUSTIN John,PRSC,M
AUSTIN Johnny,GESS,M
AYHAN Immanuel,PTSC,M
BABKINE-OSTERRATH XAVIER,DSSC,M
BAE Ilchan,PTSC,M
BAGOSY David,CSSC,M
BALBO Joe,LWSSC,M
BANCHS Alejandro,SWC,M
BANCHS Antonio,SWC,M
BANCHS Francisco,SWC,M
BANTZ Douglas,NBSSC,M
BARAN Sean,LWSSC,M
BARATS Ari,NBSSC,M
BARBER Caden,MWSS,M
BARBONE Giacomo,UCB,M
BARD Joel,BSS,M
BASS Benjamin,NBSSC,M
BAUER Alexander,BSC,M
BAUTISTA Xavier,PHSSC,M
BEALL Finnegan,PHSSC,M
BEDNAR Martin,BSS,M
BENSON Jack,BSS,M
BERGSTROM Charles,MSC,M
BEVANS JR C Carvel,DIRECT,M
BEVERIDGE Nathaniel,PSC,M
BI William,PTSC,M
BI. William,PTSC,M
BIEDENBENDER Liam,NBSSC,M
BINGMAN Kai Lemech,MSC,M
BISHOP Jacob,BSC,M
BLAKE Stephen,LWSSC,M
BOBB Kevin,PRSC,M
BOBB Luke,NBSSC,M
BONANTI Grayson,UCB,M
BORBAT Maxim,DSSC,M
BORDINI Alex,PRSC,M
BOSCO Narayan,ASSC,M
BOUDREAU Brian,PCSC,M
BOUILLON  Robert,BSS,M
BOYD Tristan,CGS,M
BRADY Cole,FMSC,M
BRANDLEY Maxwell,PSC,M
BRAUN Gerard,UCB,M
BRAUN Jackson,NBSSC,M
BRAUNBERGER Kristopher,OSC,M
BRIMLEY Paul,OSC,M
BRIMLEY Sawyer,OSC,M
BROGAN Jaxon,EPSSC,M
BROUGHTON Brady,OSC,M
BROWN Alex,SWC,M
BROWN Drake,SWC,M
BROWN Duree,FTSST,M
BROWN Jonah,SWC,M
BROWN Thomas,WMSSC,M
BRUNER Alexander,GWSS,M
BUDZ Alexsander,DIRECT,M
BUDZ Lukasz,GESS,M
BUDZ Maksymilian,GESS,M
BURDEKIN Mikey,FTSST,M
BUTLER Daniel,BSS,M
CAI Leo,USA,M
CAI William,DIRECT,M
CALLAHAN Grayson,GSSC,M
CALLENDER Ian,FMSC,M
CALLISTER Adam,USA,M
CAMPAGNA Nolan,SYSC,M
CAMPBELL Ezra,MWSS,M
CAMPION Hasan,COLSC,M
CANNON Will,SYSC,M
CAO Sebastian,FMSC,M
CAO Triston,SYSC,M
CAO Ziziang,DIRECT,M
CAPODIVACCA Marco,WOSC,M
CARLSON Austin,DIRECT,M
CARNEY Daniel,DIRECT,M
CARNEY Thomas,NCSSA,M
CARROLL Alexander,FPS,M
CASAS Alexander,FPS,M
CASAS Christian,FPS,M
CASE Charles,DSSC,M
CASSON Nathaniel,UCB,M
CASTANEDA Luke,SYSC,M
CATANZARO Michael,GWSS,M
CELLA Alex,PCSC,M
CERICOLA Gavin,SYSC,M
CHAFFIN Bill,COLSC,M
CHAMBERLAIN Samuel,MWSS,M
CHAMBERT Julien,BSS,M
CHAN Vincent,PNIC,M
CHANDNANI Aarya,GSSC,M
CHANDNANI Chirag,GSSC,M
CHANDRAN Zubin,GWSS,M
CHANG Derick,GSSC,M
CHEN Bryce,EBSSC,M
CHEN Daniel,PSSP,M
CHEN Eric,OSC,M
CHEN Haozhe,SCSSC,M
CHEN Jeremy,OSC,M
CHEN Jiayi,ESSC,M
CHEN Theodore,OSC,M
CHEN William,PSSP,M
CHEN Winston,PSSP,M
CHENG Jed,GSSC,M
CHEUNG Aaron,OSC,M
CHEUNG Arthur,USA,M
CHI Jonathan,PTSC,M
CHIAPELLO Levi,GESS,M
CHIEN Ian,PSSP,M
CHIMEDTSEREN Teven,MSC,M
CHMURA Christopher,DSSC,M
CHO Peyton,PTSC,M
CHRISTEL Joseph,MSC,M
CHU Sidney,DIRECT,M
CLARK Jadyn,BSC,M
CLARK Nicholas,SWC,M
CLARKE Dean,CSSC,M
CLARKE Montgomery,CRS,M
CLAUSER Andrew,DIRECT,M
CLENDENNING-KIM Ben,PSC,M
COHEN Doug,COLSC,M
COLICE Dexter,BSS,M
COLLINS KIERAN,MSC,M
CONNORS Owen,OSC,M
CONNORS Steven,OSC,M
CONROY Breccan,CGS,M
COOK Alan,BSS,M
COOK Chris,MSC,M
COOPER Kentaro,NBSSC,M
COREY Brendan,AUS,M
COSME Xavier,PTSC,M
CRAIG Hawker,PCSC,M
CREVELING Chris,USA,M
CROSS Benjamin,BSC,M
CROSS Oscar,BSC,M
CULLEN Luke,USA,M
CURTIS Gavin,SYSC,M
CURTIS Gordon,SYSC,M
DAILEY Larry,PSC,M
DARRAGH Nico,NBSSC,M
DAUGHERTY Aksel,NBSSC,M
DAVIS Sam,CRS,M
DAWSON Casey,DIRECT,M
DE BOCK Nickolas,OSC,M
DEBICKI Bartosz,DSSC,M
DECLEMENTE Clayton,USA,M
DEGEORGE Nicholas,TSSC,M
DELNORE Sebastian,PSC,M
DEN RIDDER Jasper,PRSC,M
DENG Caleb,NBSSC,M
DERHEIMER Quinn Jonathan,PNIC,M
DEROSA Anthony,NBSSC,M
DEUTCH Joseph,NBSSC,M
DIAZ Alejandro,WOSC,M
DILLIBABU Varun Krishnan,PHSSC,M
DIXIT Ishan,RSST,M
DODSON Elliot,GWSS,M
DODSON Joey,USA,M
DODSON Robert,GWSS,M
DONG Hunter,EPSSC,M
DONG Jason,USA,M
DONG Jaydon,CRS,M
DONG Jeremy,CRS,M
DOUBLE Zachary,BSS,M
DOUBLEDAY Samuel,PRSC,M
DRAGOMIR Serban,BSS,M
DROSSOS-THOMPSON Leo,NBSSC,M
DUNCAN Dax,CGS,M
DUNHAM Avery,RSST,M
DURHAM Sebastian,DSSC,M
DUURSMA Enrico,CRS,M
DUURSMA Iwan,CRS,M
DUURSMA Pieter,CRS,M
DWIVEDI Rishaan,GWSS,M
EGGERS Callum,NBSSC,M
EHNING Marcello Gaus,NBSSC,M
EINSLA Russel,EPSSC,M
EISELE Stephen,GWSS,M
ELATTAOUI Tariq,MWSS,M
ELLISON Andrew,NBSSC,M
ENDO Andrew,PSSP,M
EPSTEIN Dawson,MSC,M
ERREGER Theodore,SWC,M
ESSEX Kyle,FMSC,M
ESTES Caleb,DIRECT,M
ESTEVEZ Thomas,COL,M
FALCONER Benjamin,PRSC,M
FAN Kevin,ESSC,M
FANTE Alessandro,NBSSC,M
FANTE Christiano,NBSSC,M
FAVATA Nick,SYSC,M
FENSTAD Espen,CSSC,M
FENSTAD Kellan,CSSC,M
FERGUSON Colin,WSC,M
FERGUSON Jacob,DIRECT,M
FERNANDEZ Matthew,PRSC,M
FERREIRA Dominick,PCSC,M
FINNIGAN Calum,WSC,M
FINNIGAN Louik,WSC,M
FISCHER Ian,COLSC,M
FITZGERALD Thomas,DSSC,M
FLAHERTY Evan,GESS,M
FLASHER Enzo,LWSSC,M
FLORMAN Henry,GASSC,M
FOBES Henry,PRSC,M
FORTNER Quin,FTSST,M
FOX Adam,WMSSC,M
FRANK Cash,EPSSC,M
FREDEEN Benjamin,CSSSC,M
FUHR Richard,NBSSC,M
FULLER Jonny,DSSC,M
FURMINGER Jonathan,MHSSC,M
GABORIAU Henri,ASSC,M
GAN Finley,CHS,M
GAO Mehsan,EBSSC,M
GAO Mingrui (Jay),PSSP,M
GAO Yundi,FMSC,M
GASSE Ernesto,FPS,M
GATRELL Orion,CGS,M
GAWLINSKI Thomas,PRSC,M
GERTSACOV Aaron,PRSC,M
GILL Clyde,PTSC,M
GIUDICIANNI Thomas,BSS,M
GOLD Christian,EPSSC,M
GOLDBLATT James,BSS,M
GONZALES Marc,GSSC,M
GOODLIFFE Julian,NBSSC,M
GOODMAN Donald,RSST,M
GOPINATH Narendran,EPSSC,M
GOURDON Eric,FMSC,M
GOUVAN Doug,WOSC,M
GOVAN Vincent,WOSC,M
GOWDA Daiwik,DSSC,M
GRAF Gannon,LWSSC,M
GRANROTH Karl,SYSC,M
GRAY Dillan,CGS,M
GREENE Daniel,MSC,M
GREENWALD-SCHAYE Nathan,SYSC,M
GROSECLOSE Peter,PTSC,M
GROSECLOSE Timothy,PTSC,M
GROSSENBACH Oscar,NBSSC,M
GUI Declan,PSC,M
GUMUCIO Darin,DIRECT,M
GUPTA Vivaan,FTSST,M
HABECKER Corin,GWSS,M
HABECKER Sam,GWSS,M
HACHEM Joseph,PHSSC,M
HAIRE Martin,USA,M
HALE Malachai,PHSSC,M
HALL  Gavin,LWSSC,M
HALL Elijah,OSC,M
HALL William,DSSC,M
HALLADAY Johnny,LWSSC,M
HALLIDAY Craig,COLSC,M
HALLING Hudson,USA,M
HAMMACK Niko,CRS,M
HAN Alex,DIRECT,M
HAN Jacob,SCSSC,M
HAN Jake,DIRECT,M
HAN William,EBSSC,M
HANSELL Charles,ALSC,M
HANSON Hira,CHS,M
HANVEY Jayden,GWSS,M
HAO Richard,DSSC,M
HARDING Al,GSSC,M
HARMON Drew,CHS,M
HART-GORMAN Sammy,SYSC,M
HARTEMINK Clark,EPSSC,M
HARTLEY Torin,PCSC,M
HARTMAN Franklin,EPSSC,M
HARTSHORN  Jacoby,DSSC,M
HARVEY Jacob,DIRECT,M
HARVEY Jordan,ASSC,M
HARVEY-MARQUEZ Jacob,WOSC,M
HASALA Philip,NBSSC,M
HASKELL Andy,GASSC,M
HASSELBACK Gabriel,BSC,M
HASTINGS Roman,CRS,M
HAUSMAN Carter,GWSS,M
HE Dylan,GSSC,M
HE Eason,PTSC,M
HE Henry,CSSC,M
HE Yiming,PNIC,M
HECK Charlie,SWC,M
HEO Andrew,USA,M
HERMAN Auggie,MWSS,M
HESS Ethan,DIRECT,M
HESS Zachariah,OSC,M
HIGBEE Dominic,MSC,M
HIGBEE Nicholas,MSC,M
HILARIDES Wietse,DSSC,M
HOCH Uri,FMSC,M
HOFFMAN Jesse,SWC,M
HOFFMAN Maren,SWC,M
HOLTERMAN Caleb,CRS,M
HOLTZHAUSER Andrew,LWSSC,M
HONG Alexander,BSS,M
HONG Bryan,BSS,M
HONG Darian,BSS,M
HONG Gatesfield,DIRECT,M
HONG Joonhwa,DIRECT,M
HORN Benjamin,CSSC,M
HOWARD Marcus,PSSSC,M
HSUAN Lucas,GSSC,M
HU JASON,COLSC,M
HU Terran,EBSSC,M
HUAN CHEN Lai Tsai,TPE,M
HUANG Royce,ESSC,M
HUANG Ryan,PTSC,M
HUGHES Karl,SYSC,M
HUGO-ARTHUR Kelly,USA,M
HUITEMA Meinte,BSS,M
HUR Ethan,NBSSC,M
HURLEY Elias,SCSSC,M
HURST David,OSC,M
HWANG Woojin,TSJS,M
IBERLE Emeric,GESS,M
IM Calvin Joonhyuk,PSSSC,M
IVAN Roldan-Levchenko,BSS,M
JACOBSON James,SYSC,M
JANET Michael,DIRECT,M
JANG SUHYUNG,CRS,M
JANGA Raul,NCSSA,M
JANGA Rishi,NCSSA,M
JANISCH Isaiah,MSC,M
JENNINGS Tanner,OSC,M
JEON Songwoo,BSS,M
JEREMY Tan,NCSSA,M
JETER Noah,SCSSC,M
JI Roger,PHSSC,M
JIA Muzi,WOSC,M
JIANG Cheng xuan,NCSSA,M
JIANG Leo,BSS,M
JIANG Miles,ESSC,M
JIN Daniel,DIRECT,M
JIN Evan,DIRECT,M
JIN  HENGYI,CHS,M
JING Hanzhi,GESS,M
JOHNSON Matthew,GESS,M
JOHNSON Steve,SYSC,M
JONES Wesley,PNIC,M
KANEKO Masashi,GWSS,M
KANG Casey,MWSS,M
KANG Joey,GSSC,M
KANG Joshua,GSSC,M
KATZ Alex,SCSSC,M
KAZANECKI Julius,PTSC,M
KEARNS Brian,PRSC,M
KEISER James,DIRECT,M
KELLER Rainer,CSSC,M
KELLY Hugo Arthur,DSSC,M
KHODIK Vlad,FMSC,M
KHOKHAR Zakariya,CHS,M
KHUONG-GAGNON Alexander,SCSSC,M
KIEFER Wyatt,FTSST,M
KIM Andrew,SYSC,M
KIM Brandon,USA,M
KIM Christian,PTSC,M
KIM Dagyeom,KOR,M
KIM DOHYEON,PSC,M
KIM Eddie,NBSSC,M
KIM Eunseong,WOSC,M
KIM Hudson,GESS,M
KIM James,CSSC,M
KIM Jeehan,NBSSC,M
KIM Jihan,TSJS,M
KIM JIN SUNG,BSS,M
KIM Justin,GSSC,M
KIM Shawn,PTSC,M
KIM Taeyoung,PSC,M
KITCHEL Liam,UVSC,M
KITCHEL Sebastian,UVSC,M
KITTREDGE Joel,GWSS,M
KNEPP William,LWSSC,M
KNOPKA Paul,SYSC,M
KOHL Jayson,WSC,M
KOLA Jori,DIRECT,M
KONESKY Alexander,CSSC,M
KONESKY Nikolas,CSSC,M
KONG Steven,SYSC,M
KOO Lucas,BRA,M
KOONS Jack,LWSSC,M
KOPP Arron,SWC,M
KOTECKI Carter,MSC,M
KRAMER Gideon,PCSC,M
KREINBRING Devin,BSS,M
KRIEG Evan,PSC,M
KRISHNA Sage,BSC,M
KRUMLAUF HENRY,COLSC,M
KUEPPERS Lucas,DIRECT,M
KUESTNER James,PCSC,M
KUH Gihoon,PTSC,M
KUROWSKI Matthew,WSC,M
KURTZ Henry,FPS,M
KWON Seung-Min,PTSC,M
LAISER Maximilian,NBSSC,M
LAM Ethan,TSJS,M
LAM Ethan,PTSC,M
LAN Brayden,DIRECT,M
LANGE Henry,LWSSC,M
LAPOINTE Chris,SWC,M
LAPPORTE Eric,NBSSC,M
LARKIN Emmett,CHS,M
LARSON Blake,USA,M
LAU-HONG Cayden,DIRECT,M
LAU-HONG Hansen,DIRECT,M
LAWRENCE Xavier,NBSSC,M
LAWRIE Stephen,WOSC,M
LEBEAU Tom,BSC,M
LEE Ayden,EPSSC,M
LEE Damien,OSC,M
LEE Eli,BSS,M
LEE Ethan,EPSSC,M
LEE Hudson,MSC,M
LEE Jonathan,PSSSC,M
LEE Mean Fonn,ESSC,M
LEE Nathan,GESS,M
LEE SAMUEL,PTSC,M
LEE Seungmin,WOSC,M
LEE Simon,BSS,M
LEE Zachary,PTSC,M
LENGKONG Andrew,PTSC,M
LENZ Aaron,WSC,M
LENZ August,DIRECT,M
LEPKOWSKI QUINN,PTSC,M
LESAUVAGE AVERY,TSSC,M
LEWIN Cosmo Vorell,CHS,M
LEWIN Edwin,CHS,M
LI Aaron,PSSP,M
LI Brandon,PSSP,M
LI Brian,PSSP,M
LI Evan,GSSC,M
LI Evan 2017,ESSC,M
LI Huaijin,GSSC,M
LI Jaylin,BSS,M
LI Lucas,GSSC,M
LI Marcus,PTSC,M
LI MATTHEW,COLSC,M
LI Ryan,BSS,M
LI Victor,GWSS,M
LIAO Brandon,PNIC,M
LICHTMAN Martin,MSC,M
LIFYRENKO Serhiy,FMSC,M
LIM Jaehyun,PTSC,M
LIN Ethan,PTSC,M
LIN Haojun,DIRECT,M
LIN Hugh,PSSP,M
LIN Jason,NCSSA,M
LIN Jayden,PTSC,M
LIN Lucas,ESSC,M
LIN-ANDRES Lucas,BSS,M
LINDSTROM Dan,PRSC,M
LING Luke,PSSP,M
LIPPA Sean,BSC,M
LIU Aaron,DIRECT,M
LIU Aidan,PNIC,M
LIU Ethan,GSSC,M
LIU Ethan (Yifan),BSS,M
LIU Ethan Q,UCB,M
LIU Jonathan,GSSC,M
LIU Joseph,PTSC,M
LIU Joshua,BSS,M
LIU Justin,GSSC,M
LIU Marcus,OSC,M
LIU Peyton,BSS,M
LIU Stanley,GSSC,M
LIU Zipeng,PSC,M
LIVINGSTON Grant,GWSS,M
LOFTMAN Alexander,GSSC,M
LOGERFO Paolo,DSSC,M
LOPEZ Michael,CRS,M
LOPUSZYNSKI Henry,GESS,M
LORENZ Avery,UCB,M
LORENZ Matthew,NBSSC,M
LOUZ Eliyahu,GSSC,M
LU Peyton,BSS,M
LUDFLOW Simon,SWC,M
LUPTON Samuel,ESSC,M
LUTCHANSKY Adam,ALSC,M
LYON Dax,SYSC,M
MA Andy,FPS,M
MA Shaobo,DIRECT,M
MA Yuanhang,PNIC,M
MACARAEG Julian Kyle,FMSC,M
MACHUCA Abner,BSS,M
MAGNUM Ezra,DIRECT,M
MAGNUS Evan,SWC,M
MAHRT-SMTIH Luka,DIRECT,M
MAILER Moss,EBSSC,M
MANNING John Paul,CHS,M
MARCOSSON Alan,LWSSC,M
MARGALE Vedant,CGS,M
MARIMOTO TAQUEUSHI Joao Gabriel,FTSST,M
MARIMOTO TAQUEUSHI Luís Fernando,FTSST,M
MARK Alex,GESS,M
MARRA Jace,ASSC,M
MARRA Jaren,ASSC,M
MARTIN Dillon,DIRECT,M
MARTIN Gary,PRSC,M
MARTIN RJ,GWSS,M
MARTINEZ Parker,PTSC,M
MARTINEZ Riley,UCB,M
MARTINEZ-MOHABIR IMMANUEL,NBSSC,M
MATTHEW David,BSC,M
MATUSIN Mikhail,EBSSC,M
MCCANN Ian,DIRECT,M
MCCANN Patrick,AZIS,M
MCCLOUD FINN,PSC,M
MCCORMICK Dade,WSC,M
MCDOUGAL Benjamin,PRSC,M
MCLAUGHLIN Paul,BSS,M
MCNAMARA Caleb,RSST,M
MCWHORTER Evan,COLSC,M
MEACHAM Aiden,CGS,M
MECH Jerry,FPS,M
MEDICIS Francesco,SYSC,M
MEDICIS Lorenzo,SYSC,M
MEHTA Alan,CRS,M
MEIR Edward,FTSST,M
MENDOZA Jace,WOSC,M
MERKULOV Matthew,PSC,M
MERRILL Marcus,CRS,M
MICHALEK Shawn,BSS,M
MIDDELA Vedansh,BSS,M
MIDGETT Cameron,ASSC,M
MILLER Nicholas,CSSC,M
MILLER Shane,PSC,M
MILLS Silas,CHS,M
MILSTEIN Zoly,BSS,M
MINER Colin,LWSSC,M
MIRANDA Eric,GWSS,M
MOERY Kyle,WOSC,M
MOLINA-ZEPEDA Ishmael,OSC,M
MONAHAN Christopher,SYSC,M
MONTES Jax,PSSP,M
MONTES Martzel,PSSP,M
MOORE Nathaniel,GESS,M
MOORE Tim,USA,M
MORADA Carter,CSSC,M
MOREAU Paul,CGS,M
MORGANTI WILLIAM,WOSC,M
MORIARTY Alex,DIRECT,M
MOULTON Elias,ASSC,M
MOUNTAINBEAR Max,PSSP,M
MULLANEY Kipling,UCB,M
MULLEN Connor,SYSC,M
MURNANE Jack,GASSC,M
MURPHY Aidan,NBSSC,M
MURPHY Hilton,GESS,M
MURRAY Brendan,SWC,M
NAGASE Isaac,FPS,M
NAGEL Edward,MWSS,M
NATHAN Zhang,NCSSA,M
NEMETH Sawyer,GWSS,M
NEORR Patrick,LWSSC,M
NGUYEN Anthony,OSC,M
NICHOLS Eric,FTSST,M
NIU Kevin,DIRECT,M
NIU Yiyang,ESSC,M
NOE Davin,WSC,M
NOEL JEAN,PSC,M
NOLAN Mark,WSC,M
NORTON Timothy,CGS,M
OBEGINSKI Evan,DIRECT,M
OBRIEN Daniel,LWSSC,M
OBRIEN Rory,LWSSC,M
ODONNELL Michael,LWSSC,M
OHANNES Noah,FPS,M
OJEDA II Osbaldo,DIRECT,M
OLER Max,OSC,M
OLIJNYK Ryan,PRSC,M
OLSEN Gunnar,DIRECT,M
ORD Anders,OSC,M
ORD Gavin,OSC,M
ORTIZ Juice,USA,M
OSHAUGHNESSEY Gavin,FPS,M
OUCHIKH Samir,PTSC,M
OUYANG Tian,FMSC,M
PACHECO Saul,RSST,M
PAGEL Gideon,WMSSC,M
PAIK Caleb,GWSS,M
PAIK Josiah,GWSS,M
PALADINO Anthony,CGS,M
PALADINO Evan,PTSC,M
PALANISAMY Naren,EPSSC,M
PAN Elan,CRS,M
PAPAHADJOPOULOS Kimon,NCSSA,M
PARK Adam,NBSSC,M
PARK Caleb,DIRECT,M
PARK Wesley,USA,M
PARKS KEITH,COLSC,M
PATE Dave,CGS,M
PATIL Aarav,USA,M
PATIL Advait,USA,M
PAULINE Robert,DIRECT,M
PECK Hayden,SWC,M
PECK Henry,SWC,M
PENG Leo,BSS,M
PENG Roy,CRS,M
PETRENKO Mikhail,EBSSC,M
PETTITT Phillip,LWSSC,M
PHILLIPS David,FMSC,M
PHIPPS Finn,FTSST,M
PIELECHOWSKI Craig,BSC,M
PIVIROTTO Ryan,USA,M
PLATE-TONG Hendrik,GSSC,M
PLATT Carl,NBSSC,M
PODEVELS Andrew,WSC,M
PODEVELS Ian,WSC,M
POLUS Alexandr,NBSSC,M
POMETUN Max,EPSSC,M
POMPEI Maxwell,BSS,M
POTHINA Aadvik,GWSS,M
POTHINA Aarit,GWSS,M
POWERS Levi,CSSC,M
PRABHU Ghanashyama,FMSC,M
PRASHANTH Adhvaith,PRSC,M
PREECE William,ASSC,M
PRICE Dawson,OSC,M
PRITHIVIRAJ Ritvik,FTSST,M
PROVOD DAVID,EPSSC,M
PROVOD Dimitri,EPSSC,M
PUDAITE Paul,GESS,M
PUDITE Paul,DIRECT,M
PUENT Brian,CWSSC,M
PUENT Griffin,CWSSC,M
PUTNAM Charlie,BSC,M
QU Harvey,GSSC,M
QU Yichen,GSSC,M
QUALLS Brian,CGS,M
QUANT Dakoda,MWSS,M
QUAYE Matthew,DSSC,M
QUAYE Miles,DSSC,M
QUINN Anson,SWC,M
QUINTERO Hevel,OSC,M
RANTA Loki,BSS,M
RANTA Ollie,BSS,M
RASMUSSEN Erik,GMS,M
RAVICH Zachary,DSSC,M
READ Joshua,DIRECT,M
RECK Parker,WSC,M
REDDING Brian,UCB,M
REDELL John,PRSC,M
REDWINE Gordon,BSS,M
REINOLD Sebastian,GESS,M
REINOLD Seth,NBSSC,M
RHINEBERGER Brady,CGS,M
RIBECKY James,WSC,M
RICE Owen,SWC,M
RICHMOND Paul,GWSS,M
RIEHL Russell,USA,M
RILLOTTA Gabriel,PTSC,M
RIVARD Abraham,DIRECT,M
RIVARD Isaac,DIRECT,M
ROBILLARD Ronald,GASSC,M
RODGERS Owen,LWSSC,M
ROGALSKI Oliver,CRS,M
ROLDAN-LEVCHENKO IVAN,BSS,M
ROSENFIELD Adam,BSS,M
RUAN Carson,DSSC,M
RUAN Vincent,DSSC,M
RUBASH Jackson,NBSSC,M
RUTZ Parker,BSC,M
RYAN Matthew,NBSSC,M
SADIQ Abdullah,GWSS,M
SADIQ Hufsah,GWSS,M
SADLEIR Lachlan,PRSC,M
SAKHNOVSKIY Luca,SWC,M
SALM Matthew,DIRECT,M
SALTER JaTier,DIRECT,M
SALVATI Anthony,GWSS,M
SAMPLE Joey,GWSS,M
SANDBERG Brandon,TCSSC,M
SANDS Theron,CRS,M
SANTIAGO Joshua,LWSSC,M
SAPOLA Jeremy,LWSSC,M
SARAF Akshit,DSSC,M
SATWICZ Paul,BSS,M
SCANIO Will,ASSC,M
SCHADICK LOGAN,CHS,M
SCHEELS Henry,WSC,M
SCHMIEDL Arthur,CHS,M
SCHNOR John,MSC,M
SCHOWALTER Jackson,GWSS,M
SCHOWALTER Parker,GWSS,M
SCHWAB Christopher,FTSST,M
SCHWARTZ Joshua,WSC,M
SCOLARE David,CSSSC,M
SCOTT PETER,BSC,M
SCULL Dashel,ASSC,M
SEAGRAVES Henry,PSC,M
SEARS Liam,CRS,M
SEO Jiwon,NCSSA,M
SEO Yira,KOR,M
SHAFER Lance,PHSSC,M
SHAH Mihir,FPS,M
SHAMSHTEIN Ethan,DSSC,M
SHANE Ryan,CHS,M
SHAPIRO Graham,GWSS,M
SHARMA Shubh,NCSSA,M
SHAW Michael,DIRECT,M
SHEEN Samuel,BSS,M
SHELTON-WHITE Christian,PTSC,M
SHEN David,PTSC,M
SHEN Sergio,PTSC,M
SHENKUT Sammy,PTSC,M
SHI Lucas,OSC,M
SHI Noah,OSC,M
SHI Nolan,PTSC,M
SHIM Darin,DIRECT,M
SHIM Minjun,USA,M
SHIM  Ray,USA,M
SHOYKHET Gabriel,PTSC,M
SHUAI Sean,PTSC,M
SHUPE II S. Marshall,USA,M
SIEBERT Finn,WSC,M
SILVERMAN Hunter,GWSS,M
SINGH Arjun,PSSP,M
SIRAGUSA Robert,SWC,M
SKLUTOVSKY Alec,DSSC,M
SKLUTOVSKY Nicholas,DSSC,M
SMITH Andrew,BSS,M
SMITH Britton,FMSC,M
SMITH CAMERON,CHS,M
SMITH Casey,BSC,M
SMITH Derek,OSC,M
SMITH Landon,UCB,M
SMITH Michael,LWSSC,M
SMITH Richard,DIRECT,M
SMOKLER Peter,SCSSC,M
SNODE Ashton,CHS,M
SNOW Lucas,BSS,M
SO Jonathan,USA,M
SO Wonbin Jonathan,USA,M
SONG Eric,CSSC,M
SONN Andrew,GWSS,M
SONN Ethan,GWSS,M
SORBER Abe,MSC,M
SOWA Frederick,BSS,M
SOWA Henry,BSS,M
SOWA PETER,BSS,M
SPEULSTRA Neco,DIRECT,M
STAINBROOK Jacob,CHS,M
STANKIEWICZ John,PRSC,M
STAPEL Kyle,BSS,M
STARCK Gavin,ALSC,M
STARK Karl,MSC,M
STEAD Paul,USA,M
STEFANSKI Alexander,BSC,M
STEFANSKI Richard,BSC,M
STEIN Isaak,GESS,M
STEIN Kaleb,GESS,M
STEPHENS Kyle,BSS,M
STITT Robert,OSC,M
STROTH Jackson,NBSSC,M
STUMP Frank,PSC,M
SULKOSKE Ian,PSC,M
SULLIVAN Benjamin,PTSC,M
SUMMERS Charles,GWSS,M
SUN Albert,CRS,M
SUN Alvin,ESSC,M
SUN Andrew,CRS,M
SUN Sean,GSSC,M
SUSSMAN Aaron,NBSSC,M
SVEEN Samuel Welch,MSC,M
SWAN Daniel,DIRECT,M
SWEENEY Edwin,CSSC,M
TABIRA  Shuudai,JPN,M
TAN Ethan,FTSST,M
TANG Dawson,CRS,M
TANIGUCHI Kento,USA,M
TAQUEUSHI Luis,USA,M
TARA Cameron,RSST,M
TATELLI Carl,DIRECT,M
TAUB Theodore,DSSC,M
TESTA John,DSSC,M
THATCHER Desmond,CHS,M
THOMAS Flynn,PCSC,M
THOMAS Matthew,FMSC,M
THORNOCK Benjamin,USA,M
THOUMA Nathaniel,PSSP,M
TIAN Samuel,DIRECT,M
TOBIN Gary,GWSS,M
TODD Robert,SYSC,M
TOLLIVER Robert,PTSC,M
TOMORI-CARRIER Kosuke,PTSC,M
TOPA Alessandro,UCB,M
TORREY Jack,OSC,M
TOW Leo,USA,M
TRAN Aaron,USA,M
TRINIDAD Eben Emmanuel,NBSSC,M
TROPPE Noah,PSC,M
TRUPIN Lyle,CRS,M
TSAO Samuel,GSSC,M
TSYVINSKI Alexander,CSSC,M
TUCHOLSKI Archibald,SWC,M
TUCHOLSKI Theodore,SWC,M
TUCKER Vincent,CSSSC,M
TYLWALK Adrian,EPSSC,M
UKE Aaradhya,EBSSC,M
VALDEZ Deavon,DIRECT,M
VALDIVIA Jonathan,DIRECT,M
VALENTI Alan,CSSC,M
VAN FLEET Tim,EPSSC,M
VANDERKLOOT Nicolaaas,FMSC,M
VANG Sihan,DIRECT,M
VARAKLIS Dietrich,SUI,M
VASEY Truman,CSSC,M
VEERAVALLI Rithwik,FTSST,M
VELAZQUEZ Humberto,WOSC,M
VENTURA Andrew,PTSC,M
VENTURA Milo,PTSC,M
VERNI Cooper,ASSC,M
VERWIJS Marco,BSS,M
VILLARREAL Tony,DIRECT,M
VOEGELI Matthew,MSC,M
VOLZ Paul,PSC,M
VOMACKA Ryan,CSSC,M
VOSHELL Albert,DSSC,M
VREELAND Tony,OSC,M
WAKEFIELD Caleb,DIRECT,M
WALDOCK Michael,RSST,M
WALLACE Kaden,OSC,M
WALLENFANG Austen,MSC,M
WALLING Sebastian,GWSS,M
WALSH Andrew,GASSC,M
WANG Bryan,PTSC,M
WANG Charles,ESSC,M
WANG Elias,FMSC,M
WANG Evan,CRS,M
WANG Jancis,CRS,M
WANG Jayden,CRS,M
WANG Leon,UCB,M
WANG Richard,GSSC,M
WANG William,PSSP,M
WANG William 2014,GSSC,M
WANTA Henry,EBSSC,M
WANTA Max,PSSP,M
WARD Jarrod,GESS,M
WATTS Jabari,PTSC,M
WEI Timothy,GSSC,M
WEINBERG Joseph,NBSSC,M
WEINSTEIN Levi,UVSC,M
WENTLAND Patrick,CGS,M
WHEELOCK George,CSSC,M
WILKINSON Luke,CHS,M
WILLIAMS Calvin,MSC,M
WILLIAMS RICHARD,COLSC,M
WILLISON Zach,GESS,M
WINBIGLER Reed,LWSSC,M
WINTER Jonathan,CSSC,M
WINTER Sam,CSSC,M
WITCOSKIE John,EPSSC,M
WOBESER Benjamin,EPSSC,M
WOBESER Keith,EPSSC,M
WOCHTL Gabriel,EPSSC,M
WOODBURY Dylan,USA,M
WOODS Kaiden,CGS,M
WOOLLEY Johnson,ESSC,M
WORMELL Logan,DSSC,M
WU Allen,GSSC,M
WU Austin,PSC,M
WU Eric,DIRECT,M
WU Jayden,GSSC,M
WU Jimmy,PSSP,M
WU Jonathan K,OSC,M
WU Justin,PSSP,M
WU Lucas,PTSC,M
WU Zikun,PSC,M
WU 6 9 11 Jonathan,GSSC,M
XIA Eric,GSSC,M
XING Fangzhou,AUS,M
XU Evan 2018,EBSSC,M
XU Yutian,OSC,M
YAMAGUCHI Mitsuki,EPSSC,M
YAN Andrew,DIRECT,M
YAN-LI Bowen,GESS,M
YANG Timothy,NBSSC,M
YARLAGADDA Avyay,CSSC,M
YEE Kobe,BSS,M
YELK Kaleb,MSC,M
YEN Jing-Kye,PTSC,M
YI Asa,CGS,M
YI Lasson,CGS,M
YI Luke,GSSC,M
YIN Ethan,ESSC,M
YIN James,GSSC,M
YIN Kevin,DIRECT,M
YIN Rowen,DIRECT,M
YOON Daniel,UCB,M
YOUNG Logan,CRS,M
YOUNG Nikolai,UCB,M
YOUNG Victor,UCB,M
YU Aiden,PSSP,M
YU Max,PSSP,M
YU Ryder,GSSC,M
YUAN Hanting,BSS,M
YUAN Ziyang,FMSC,M
ZABOROWSKI Marcel,FPS,M
ZABOROWSKI Wojtek,FPS,M
ZAORSKI Raul,BSS,M
ZHANG Aiden 2007,PTSC,M
ZHANG Aiden 2014,PTSC,M
ZHANG Dylan,BSS,M
ZHANG Evan,PTSC,M
ZHANG Hengyi,DIRECT,M
ZHANG Matthew Yepeng,OSC,M
ZHANG Nathan,DIRECT,M
ZHANG Yucheng,ESSC,M
ZHANG Zeming,DIRECT,M
ZHAO Eric,GSSC,M
ZHAO Yu,NCSSA,M
ZHENG Ethan,DSSC,M
ZHENG Isaac,GSSC,M
ZHENG Ryan,DSSC,M
ZHENG Thomas,BSS,M
ZHENG Vincent,GSSC,M
ZHONG Chiyuan (Albert),DIRECT,M
ZHOU Aaron,PSSSC,M
ZHOU Ethan,PSSSC,M
ZHOU Kenneth,BSS,M
ZHOU Mason,PTSC,M
ZHOU Matt,GSSC,M
ZHOU Zongheng,EBSSC,M
ZHU Eugene Jiayue,NBSSC,M
ZHU Jeremy,SWC,M
ABDO Caroline,DIRECT,F
ABERNATHY Phoenix,DSSC,F
ABERNATHY Sadie,DSSC,F
ABITZ Janet,MSC,F
AITBAYEVA Nagi,SYSC,F
AITBAYEVA Saruar,SYSC,F
AJINGA Gemma,CGS,F
ALEXANDER Laura,PTSC,F
ALSDORF Olivia,ASSC,F
AMOS Danielle,DIRECT,F
ANDERSON Caroline,PTSC,F
ANDERSON Lisa,PTSC,F
ANSPACH Cittadini,PHSSC,F
ANZALONE Danielle,FMSC,F
ARIAS Maria,PCSC,F
ASHLEY-MARTIN Sophia,GWSS,F
AULT Athena,GSSC,F
AULT Emma,GSSC,F
AYOUB Leila,LWSSC,F
BAE YEONA,PSC,F
BAE YEONWOO,PSC,F
BAKER Isabelle,DIRECT,F
BALDWIN Genevieve,CHS,F
BANK Madeline,PSC,F
BASS Rachel,NBSSC,F
BECKER Melina,FTSST,F
BENNETT Dorothy,PSC,F
BENSTEAD Allison,DIRECT,F
BENSTEAD Anna,DIRECT,F
BERGSTROM Lucia,MSC,F
BERHORST Jenell,PSSSC,F
BERNSTEIN Hannah,GESS,F
BHATTACHARJEE Anushka,DSSC,F
BICKMORE Diana,DSSC,F
BINEY Maame,USA,F
BLITZER Amy,DIRECT,F
BLOCHER Grace,CRS,F
BLOCHER Kira,CRS,F
BORBAT Katerina,DSSC,F
BORBAT Petra,DSSC,F
BOURQUIN Elizabeth,SWC,F
BRIMLEY Raegan,DIRECT,F
BRINICH Elise,GESS,F
BROOKES-LABLANC Clara,GSSC,F
BROPHY MAGNUS Mary,SWC,F
BROUGHTON  Alivia,OSC,F
BRUNISHOLZ Justyn,OSC,F
BUNTING Alana,PRSC,F
BURKE Margo,CHS,F
CAGLE Ella,MWSS,F
CAIN Taylor,UCB,F
CALLAHAN Kenna,LWSSC,F
CAMERON Chloe,GBR,F
CAMP Hannah,NBSSC,F
CAO Ada,BSS,F
CAO Andrea,PNIC,F
CAO Harper,SYSC,F
CARROLL Caitlin,SWC,F
CARTER Arya,WOSC,F
CASTANEDA Ava,SYSC,F
CATTELL Penelope,EPSSC,F
CAUSIE Isabella,DIRECT,F
CERRONE Magdalena,BSC,F
CHAMBERLAIN Alice,MWSS,F
CHAMBERT Claudia,BSS,F
CHAN Anastasia,PTSC,F
CHAN Vanessa,PSSP,F
CHEN  Winny,PSSP,F
CHEN Alice,PTSC,F
CHEN Claire,EBSSC,F
CHEN Ellen,EBSSC,F
CHEN Emma,EBSSC,F
CHEN Fiona,GSSC,F
CHEN Flicka,GSSC,F
CHEN Iris,ESSC,F
CHEN Isabella,PTSC,F
CHEN Jacq,SCSSC,F
CHEN Joanna,SCSSC,F
CHEN Julie,SCSSC,F
CHEN Olivia,PSSP,F
CHEN Sarah,FMSC,F
CHEN Sheryl,ESSC,F
CHERNOBY April,USA,F
CHEUNG Annabella,OSC,F
CHO Chloe,PTSC,F
CHO Elliana,PTSC,F
CHOI Hailey,USA,F
CHOI Jia,WOSC,F
CHOU Makayla,PTSC,F
CHUN Ariel,PTSC,F
CHUN Grace,PTSC,F
CITARELLA Jae,FMSC,F
CLARKE Cassandra,SYSC,F
CLARKE Olivia,CSSC,F
CLAY Emma,BSC,F
COMERFORD Julia,SYSC,F
CONTENTO Jolie,FMSC,F
COSOFRET Lidia,DIRECT,F
CRANE Juliandrea,OSC,F
CRNKOVIC Sophie,GESS,F
CROVELLA Isabel,SYSC,F
CROVELLA Sarah,SYSC,F
CURINA Marijke,CSSC,F
CUSHMAN Sara,BSS,F
DAHLMANN Melissa,TCSSC,F
DAILY Kora,GSSC,F
DAVIES Jillian,BSC,F
DAVIESSON Mariah,CGS,F
DAVIS Aurora,SWC,F
DAVIS Lily,SWC,F
DE BOCK Emma,OSC,F
DERHEIMER Brooke,PNIC,F
DIBENEDETTO Lucy,FMSC,F
DING Iris,ESSC,F
DINICOLA Mary Lou,USA,F
DOUGLAS Allison,DSSC,F
DUA Shivanshi,GSSC,F
DUNCAN Harper,CGS,F
DWIVEDI Naavya,GWSS,F
EBELING Reina,EBSSC,F
EDGSON Macy,COLSC,F
ELAGINA Iliana,GESS,F
ELLIOTT Carly,LWSSC,F
ENDO Anna,PSSP,F
ESCH Mae,WMSSC,F
FANG Evelyn,NBSSC,F
FARLEY Lucy,FPS,F
FAY Claudia,COLSC,F
FENG Xiaofan,SCSSC,F
FISCHER Alexa,COLSC,F
FOLEY Maryann,FMSC,F
FORRER Evie,WSC,F
FOSTER Carissa,GWSS,F
FOSTER Liora,GESS,F
FOX Ann,WMSSC,F
FOX Ruby,WMSSC,F
FRIBERG Ester,CRS,F
FU Celine,PTSC,F
FULLER Leilani,DSSC,F
GADOCHA Nichole,FPS,F
GADOCHA Nicole,FPS,F
GAKOVIC Maja,FPS,F
GAKOVIC Natasa,FPS,F
GAN Christine,GSSC,F
GANESAN Sadhana,DSSC,F
GAO Candice,DIRECT,F
GAO Candy,DIRECT,F
GAO Luyang,WSC,F
GARNIER Gabrielle,EPSSC,F
GAVRILOVSKAYA Dariana,FMSC,F
GIBBONS Isabel,NBSSC,F
GICA Adriel Elrond,PSSSC,F
GILLILAND Charlotte,GESS,F
GINGERICH Emily,DIRECT,F
GIRACH Aafiya,DSSC,F
GIRACH Sarah,DSSC,F
GLADISH Emily,LWSSC,F
GLEICHER Johanna,GSSC,F
GLOGOWSKI Emilie,GESS,F
GOMEZ Malena,CSSC,F
GONG Yihan,EBSSC,F
GONZALES Kayla,GSSC,F
GOODWIN Dace,RSST,F
GOSKOWICZ Teddy,GSSC,F
GOWDA Mishita,DSSC,F
GRAHAM MARGO,LWSSC,F
GRAMLICH THATCHER Scarelette,DIRECT,F
GRANROTH Annaliese,SYSC,F
GRANROTH Kaarina,SYSC,F
GRECZKOWSKI Zayda,SWC,F
GRIFFITHS ELISE,WOSC,F
GROVER Kelly,PSSP,F
GROVER Mia,DIRECT,F
GU Angela,NCSSA,F
GU Gaoya,NCSSA,F
GUIMBA Xsandrie Viande,WOSC,F
GUNN Lauren,PRSC,F
GUO Olivia,DIRECT,F
GUO Xulishan,PSSSC,F
HAEUPL Kassandra,GER,F
HALE Makena,PHSSC,F
HAN Abigail,SCSSC,F
HAN Jihee,NBSSC,F
HANSEL Caoimhe,GSSC,F
HART Regina,PTSC,F
HARTMAN Addison,EPSSC,F
HAUSMAN Aubrey,GWSS,F
HAWORTH-DAVIS Margie,CRS,F
HAYES Avery,USA,F
HENDRIKS Kimiya,BSS,F
HENSLEY Caroline,JCS,F
HENSLEY Cate,JCS,F
HEO Seongsil,NCSSA,F
HOFFMAN Lucy,SWC,F
HOGAN Emily,SWC,F
HOLMES Samantha,CSSSC,F
HOLMES Sydney,CSSSC,F
HOM Molley (Corey),SYSC,F
HONG Hadley,BSS,F
HOUCK Lois,DSSC,F
HOWER Gretchen,GESS,F
HRYN Veranika,DSSC,F
HSUEH Eleanor,ESSC,F
HUANG Hannah,PTSC,F
HUANG Tiffany,USA,F
HUFFENBERGER Rebecca,COLSC,F
HUH Suji,CSSC,F
HUH Yeji,CSSC,F
HURLEY Stella,SCSSC,F
HURTADO Nathalia,CGS,F
IGOE Anne,NBSSC,F
IM Ari,PSSSC,F
JAIN Anvii,GSSC,F
JANG Kyungeun Cindy,PTSC,F
JAVORSKY Juliet,WSC,F
JENKINS Jhene,GSSC,F
JIANG Olivia,ESSC,F
JIMENEZ PALOS Emma,WOSC,F
JIN Gloria,FPS,F
JOHNSON Barb,WSC,F
JONES Elsie,GWSS,F
JORDAN M. R.,FMSC,F
JU Ellie,PRSC,F
JUDICE Ellie,GASSC,F
JUDSON Piper,NBSSC,F
JUNG Jamie (Ji),PTSC,F
JURAK Jamie,DIRECT,F
KACZMARCZYK Valerie,PRSC,F
KAMARADOS Anastasia,PSC,F
KANKE Tessa,NBSSC,F
KARBOSKI Brianna,GASSC,F
KARLSSON Natalie,BSS,F
KATZMAN Lyra,FMSC,F
KAZANECKA Olimpia,PTSC,F
KELLERMAN Leighton,CHS,F
KHOKHAR Yusra,CHS,F
KIM Chloe,NBSSC,F
KIM Sophie,PSC,F
KIMBER Ana,UVSC,F
KITTEL Olivia,WSC,F
KNAPP Aspen Estella,COLSC,F
KNAPP Nora,COLSC,F
KNOPKA Hannah,SYSC,F
KOENIG Melissa,USA,F
KOHLMANN Deborah,WSC,F
KOLA Jennifer,BSS,F
KOONS Madeline,LWSSC,F
KOONS Sofia,PSSP,F
KORUKANTI Ananya,NCSSA,F
KOTANI Sally,DIRECT,F
KOTECKI Kaylee,MSC,F
KRASSINGER Alaina,GWSS,F
KRASSINGER Faith,GWSS,F
KRINSKY Emma,FMSC,F
KRISHNA MILI,BSC,F
KUDLATA Claire,WSC,F
KUH Yoonji,PTSC,F
KWON Kai,DIRECT,F
KWON Saryn,SCSSC,F
LADWIG Marianna,PHSSC,F
LAI Zoe,DIRECT,F
LAU Allison,NBSSC,F
LAVALLEE Aubrie,BSS,F
LAVERDIERE ELOISE,COLSC,F
LAWRENCE Martha,GWSS,F
LEE Clara,GSSC,F
LEE Eunice,PSSSC,F
LEE Farrah,DIRECT,F
LEE Grace,PSSSC,F
LEE Kendra,ESSC,F
LEE Khloe,EPSSC,F
LEE Samantha,NBSSC,F
LEI Cassie,BSS,F
LEI Ellie,ESSC,F
LENGKONG Audrey,PTSC,F
LENOIR Iyende,GESS,F
LEO Avigayil,SYSC,F
LERMA Ana,BSS,F
LETAI Julie,USA,F
LEVINE Keegan,DSSC,F
LI Amber,PSSP,F
LI Isabella,DIRECT,F
LI Jiuxi,GSSC,F
LI KARINA,COLSC,F
LI Lari,PSSP,F
LI Meinuo,DIRECT,F
LI Xinyu,GSSC,F
LI Yinru,BSS,F
LI Yinyi,BSS,F
LIAN Iris,ESSC,F
LICHTMAN Winifred,MSC,F
LIM Jei,PTSC,F
LIN Lindsay,GSSC,F
LINDEMAN Abigail,PSC,F
LIPA Emma,BSC,F
LIPPITT Rowan,MSC,F
LIU Abigail,EBSSC,F
LIU Joanna,DIRECT,F
LIU Katherine,GSSC,F
LIU Michelle,DIRECT,F
LIU Xin ye,PTSC,F
LIVINGSTON Giavonna,GWSS,F
LOKESH Salome,CSSC,F
LOKESH Sharon,CSSC,F
LOKKEN Madison,NBSSC,F
LORINCZ Ashlyn,COLSC,F
LU Jiawei,CRS,F
LUCK Baily,OSC,F
LUTE Kamryn,PTSC,F
MA Shaoheng,DIRECT,F
MAHMUD Noemia,NBSSC,F
MAIN Isabella,GESS,F
MANGANO Francesca,TSJS,F
MANNING Mary Elizabeth (Beth),CHS,F
MARIMOTO-TAQUEUSHI Maria Clara,FTSST,F
MARKS Naomi,NCSSA,F
MATTHES Amelia,MWSS,F
MAZZA Harper,SWC,F
MCCLOUD Margaret,PSC,F
MEACHAM Atira,CGS,F
MECH Emma,FPS,F
MEEHAN Marta,WOSC,F
MELO Emily,FPS,F
MENSAH Sasha,DSSC,F
MICHALAK Ceciliana,WSC,F
MICHALAK Violet,WSC,F
MIDDELA Shloka,BSS,F
MIDGETT Addison,ASSC,F
MILLER Renee,UCB,F
MILLER-MCVEIGH Reagan,GMS,F
MIRANDA Carlie,GWSS,F
MOLENDA Brianne,FPS,F
MONTES Frida,PSSP,F
MONTEZ DE OCA Takaya,CGS,F
MOORE Carol,FMSC,F
MORELLI Cristina,PCSC,F
MORENO Isabella,GWSS,F
MOTAI Hinako,WOSC,F
MOTAI Nanako,WOSC,F
MOTAI Yosuke,JPN,F
MURPHY Mary,MSC,F
MURRAY Alessandra,CHS,F
MUSGRAVE Gemma,CRS,F
NADASKA Nina,PRSC,F
NELSON Isabella,WMSSC,F
NELSON Jordyn,WMSSC,F
NEORR Ceili,LWSSC,F
NEWKIRK Fiona,WSC,F
NOTESTEIN SCHWAB Lisa,FTSST,F
O*BRIEN Sophie,TSSC,F
OBRIEN Robin Rose,CSSC,F
OH Kyubin,TSJS,F
OLER Jasmine,OSC,F
OROZCO-GARCIA Maria Isabel,GSSC,F
OVERFIELD Simona,LWSSC,F
PAPPAS Lydia,NBSSC,F
PARK Janine,PSSSC,F
PARK Jooha,NCSSA,F
PARKS KAYLEE,COLSC,F
PARKS QUINN,COLSC,F
PASCOE Dawn,COLSC,F
PASTORINO Nora,EPSSC,F
PEACOCK Marisa,CRS,F
PECKA Audrey,CHS,F
PODEVELS Alice,WSC,F
POLSINELLI Heather,BSS,F
POMETUN Tatyana,EPSSC,F
POPE Eliza,CHS,F
PRIETO ACEVEDO Danna Isabella,CSSC,F
RAHAL Jenna,CGS,F
RAISHART Stella,GMS,F
RAMACHANDRAN Dharshini,GSSC,F
RAMACHANDRAN Harshini,GSSC,F
RANDERI Reeva,NCSSA,F
RANTA  Tobi,BSS,F
RANTA Tobi,BSS,F
RAO Anoshka,NCSSA,F
REDWINE Louise,BSS,F
REIMANN Allison,MSC,F
REISMAN Maddie,PSC,F
RHEE Eunice,GSSC,F
RHODEHAMEL Elizabeth,PNIC,F
RIBECKY Charlotte,WSC,F
RICHARD Aria,BSS,F
RIVARD Liza,DIRECT,F
RIVARD Rachel,DIRECT,F
RODANSKY Eva,WMSSC,F
RODRIGUE - HASSELBACK Natalie,BSC,F
ROMANELLI Penelope,EPSSC,F
ROMERO Mariana,BSS,F
ROSE Meena,BSC,F
ROSENBAUM Leah,MSC,F
RUIZ Stella,EBSSC,F
SABAT AMBER,WOSC,F
SADIQ Safiya,GWSS,F
SADIQ Yahya,GWSS,F
SADLEIR Roxanne,PRSC,F
SADLEIR Vivienne,PRSC,F
SAMATHIVATHANACHAI Allison,NBSSC,F
SANCHEZ Joaquin,PRSC,F
SANTOS-GRISWOLD Kristen,USA,F
SAUTTER Kathryn,EPSSC,F
SAZONOVA Eva,OSC,F
SCHARF Callie,NBSSC,F
SCHEFFLER Samantha,DSSC,F
SCHERWINSKI Emma,FTSST,F
SCHMIDT Aubrey,SWC,F
SCHWAB Meredith,FTSST,F
SERENA Sheen,BSS,F
SHAPIRO Stella,GWSS,F
SHAPOVALOVA Mariia,MWSS,F
SHEEN Serena,BSS,F
SHEPHERD Skye,CRS,F
SHILL Vonna,WSC,F
SHIN April,USA,F
SHIN Aria,PSSSC,F
SIMMONS Rebecca,SWC,F
SITTON Caleah,MSC,F
SMEED Bethany,NBSSC,F
SMIGLA Erin,GESS,F
SMITH Barbara,LWSSC,F
SMITH-VALLS Aina,GESS,F
SMOUTER Judith,WOSC,F
SOBUE Mia,DSSC,F
SOBUE Tara,DSSC,F
SOLDAN Marley,PSSSC,F
SORENSON Abigail,DIRECT,F
SOWA Ruth,BSS,F
SOWA Therese,BSS,F
SPATZ Janet,MSC,F
SRINIVASULA  Priyanka,EPSSC,F
STAEHLE Thalia,PSSSC,F
STAHL Louisiana,FMSC,F
STASHEFSKI Nora,DIRECT,F
STAVE Elena,MWSS,F
STEENGE Renee,USA,F
STEIN Danica,GMS,F
STEWART Kate,SYSC,F
STODDARD Corinne,USA,F
STRAZDINS Gavin,PCSC,F
STUMP Keara,PSC,F
SU Selena,GSSC,F
SULLIVAN Veronica,PTSC,F
SUMMERFIELD Stella,PRSC,F
SUMMERS Danielle,GWSS,F
SWAN Callie Ann,DIRECT,F
SWANSON Donna,TSSC,F
SWETZ Alexa,WOSC,F
SWIATEK Elka,CRS,F
SWISHER Michael,EPSSC,F
TANIGUCHI Lisa,USA,F
TANK Patricia,PSS,F
TARA Morgan,RSST,F
TAX Ashlynn,PSSSC,F
TAYLOR Elissa,BSS,F
TEGTMEIER Carolyn,NBSSC,F
TERPENING Sydney-Yu,ASSC,F
THORNTON Rachel,BSS,F
TONG Joyce,BSS,F
TRIANA Annette,GWSS,F
VALERIO Shannon,CGS,F
VANDERGRIFF Catherine,WMSSC,F
VANDERHEYDEN Gwen,MSC,F
VANMONDFRANS Barbara,DIRECT,F
VANNATTA Isabella,CWSSC,F
VARGAS Karla,COLSC,F
VENTURA Serena,PTSC,F
VERNI Maya,ASSC,F
VOCE Maria,ASSC,F
VOKES Debbie,BSC,F
VOMACKA Reese,CSSC,F
WAITMAN Grace,GWSS,F
WALTERS Joanna,BSS,F
WALTON Sarah,SWC,F
WANG Erene,GSSC,F
WANG Olivia,WSC,F
WANG Rachel,EBSSC,F
WARREN Sarah,DIRECT,F
WATKINS Emma,GWSS,F
WEBER Emily,MWSS,F
WEINSTEIN Grace,UVSC,F
WEINSTEIN Sophie,UVSC,F
WILKINS Cherise,SYSC,F
WILLHOITE Una,LWSSC,F
WILLIAMS Libby,CGS,F
WILLIAMS Valerie,FMSC,F
WILSON Olivia,EBSSC,F
WONG Sydney,PTSC,F
WOODARD Aubrey,COLSC,F
WOROCH Ruth,PRSC,F
WU Crystal,OSC,F
WU Emma,PSSP,F
WU Grace,GESS,F
WU Jiaxuan,PSSP,F
WU Julia,GSSC,F
WYKSTRA Tara,WMSSC,F
XING Leyan,OSC,F
XU Erin,PSSP,F
YAO Eva,PRSC,F
YAROSH Addison,LWSSC,F
YE Arabella,PTSC,F
YE Aurora,PTSC,F
YI Michelle,PTSC,F
YIN Joy,DIRECT,F
YOO Ashley Jiwon,DIRECT,F
YU Zhuoyan,GSSC,F
ZABOROWSKI Amelia,FPS,F
ZAKATSIOLO Izabella,DIRECT,F
ZAPPOLA Keera,SYSC,F
ZAYATZ Necole,BSC,F
ZHANG Claire,DIRECT,F
ZHANG Tiffany,PTSC,F
ZHANG Zijun,ESSC,F
ZHANG Zixuan,DIRECT,F
ZHANG-CUI Scarlett,BSS,F
ZHOU Aria,WOSC,F
ZHOU Claire,ESSC,F
ZHOU Summer,EBSSC,F
ZHOU Zongxin (Renee),PSSP,F
ZIMMER Maura,BSS,F
ZUMWALT Joselyn,GWSS,F
